-- --------------------------------------------------------
-- Host:                         localhost
-- Server version:               10.4.28-MariaDB - mariadb.org binary distribution
-- Server OS:                    Win64
-- HeidiSQL Version:             12.5.0.6677
-- --------------------------------------------------------

/*!40101 SET @OLD_CHARACTER_SET_CLIENT=@@CHARACTER_SET_CLIENT */;
/*!40101 SET NAMES utf8 */;
/*!50503 SET NAMES utf8mb4 */;
/*!40103 SET @OLD_TIME_ZONE=@@TIME_ZONE */;
/*!40103 SET TIME_ZONE='+00:00' */;
/*!40014 SET @OLD_FOREIGN_KEY_CHECKS=@@FOREIGN_KEY_CHECKS, FOREIGN_KEY_CHECKS=0 */;
/*!40101 SET @OLD_SQL_MODE=@@SQL_MODE, SQL_MODE='NO_AUTO_VALUE_ON_ZERO' */;
/*!40111 SET @OLD_SQL_NOTES=@@SQL_NOTES, SQL_NOTES=0 */;

-- Dumping structure for table open_akunting.account
CREATE TABLE IF NOT EXISTS `account` (
  `id` varchar(50) NOT NULL DEFAULT '',
  `parentId` varchar(50) DEFAULT '',
  `name` varchar(250) NOT NULL DEFAULT '',
  `accountTypeId` varchar(10) NOT NULL DEFAULT '',
  `cashBank` int(1) NOT NULL DEFAULT 1,
  `status` varchar(2) NOT NULL DEFAULT '1',
  `presence` int(1) NOT NULL DEFAULT 1,
  `inputDate` datetime NOT NULL DEFAULT '2024-01-01 00:00:00',
  `inputBy` varchar(50) NOT NULL DEFAULT '',
  `updateDate` datetime NOT NULL DEFAULT '2024-01-01 00:00:00',
  `updateBy` varchar(50) NOT NULL DEFAULT '',
  PRIMARY KEY (`id`)
) ENGINE=InnoDB DEFAULT CHARSET=utf16 COLLATE=utf16_bin;

-- Dumping data for table open_akunting.account: ~170 rows (approximately)
INSERT INTO `account` (`id`, `parentId`, `name`, `accountTypeId`, `cashBank`, `status`, `presence`, `inputDate`, `inputBy`, `updateDate`, `updateBy`) VALUES
	('1', '0', 'ASSETS', '10', 0, '1', 1, '2024-03-16 18:12:25', '1a', '2024-03-25 08:19:15', '1a'),
	('11', '1', 'CURRENT ASSET', '10', 0, '1', 1, '2024-03-16 18:12:25', '1a', '2024-03-25 08:19:15', '1a'),
	('1110', '11', 'CASH AND BANK', '10', 0, '1', 1, '2024-03-16 18:12:25', '1a', '2024-03-25 08:19:15', '1a'),
	('1110.001.000', '1110', 'Petty Cash', '10', 1, '1', 1, '2024-03-16 18:12:25', '1a', '2024-03-25 08:19:15', '1a'),
	('1110.003.000', '1110', 'Advance - Others', '10', 1, '1', 1, '2024-03-16 18:12:25', '1a', '2024-03-25 08:19:15', '1a'),
	('1110.005.000', '1110', 'BCA In - KGM3', '10', 1, '1', 1, '2024-03-16 18:12:25', '1a', '2024-03-25 08:19:15', '1a'),
	('1110.007.000', '1110', 'Danamon Out', '10', 1, '1', 1, '2024-03-16 18:12:25', '1a', '2024-03-25 08:19:15', '1a'),
	('1110.009.000', '1110', 'Mandiri - KGM3', '10', 1, '1', 1, '2024-03-16 18:12:25', '1a', '2024-03-25 08:19:15', '1a'),
	('1110.011.000', '1110', 'BCA Out - MKG3', '10', 1, '1', 1, '2024-03-16 18:12:25', '1a', '2024-03-25 08:19:15', '1a'),
	('1110.015.000', '1110', '', '10', 0, '1', 1, '2024-03-16 18:12:25', '1a', '2024-03-25 08:19:15', '1a'),
	('1110.020.000', '1110', 'Mandiri In', '10', 1, '1', 1, '2024-03-16 18:12:25', '1a', '2024-03-25 08:19:15', '1a'),
	('1110.021.000', '1110', 'ARTHA GRAHA BANK', '10', 1, '1', 1, '2024-03-16 18:12:25', '1a', '2024-03-25 08:19:15', '1a'),
	('1110.022.000', '1110', 'BRI', '10', 1, '1', 1, '2024-03-16 18:12:25', '1a', '2024-03-25 08:19:15', '1a'),
	('1120', '11', 'ACCOUNT RECEIVABLE', '10', 1, '1', 1, '2024-03-16 18:12:25', '1a', '2024-03-25 08:19:15', '1a'),
	('1120.000.001', '1120', 'AR - Trade', '10', 1, '1', 1, '2024-03-16 18:12:25', '1a', '2024-03-25 08:19:15', '1a'),
	('1120.000.002', '1120', 'AR OTHER', '10', 0, '1', 1, '2024-03-16 18:12:25', '1a', '2024-03-25 08:19:15', '1a'),
	('1120.009.000', '1120', 'AR - Tjia Mei Liang', '10', 0, '1', 1, '2024-03-16 18:12:25', '1a', '2024-03-25 08:19:15', '1a'),
	('1120.010.604', '1120', 'AR RMM', '10', 0, '1', 1, '2024-03-16 18:12:25', '1a', '2024-03-25 08:19:15', '1a'),
	('1120.010.605', '1120', 'AR PT SELERA PRIMA LESTARINDO', '10', 0, '1', 1, '2024-03-16 18:12:25', '1a', '2024-03-25 08:19:15', '1a'),
	('1120.030.000', '1120', 'AR CASH', '10', 0, '1', 1, '2024-03-16 18:12:25', '1a', '2024-03-25 08:19:15', '1a'),
	('1120.090.001', '1120', 'AR - LKI Surabaya', '10', 0, '1', 1, '2024-03-16 18:12:25', '1a', '2024-03-25 08:19:15', '1a'),
	('1120.090.002', '1120', 'AR - LKI Bali', '10', 0, '1', 1, '2024-03-16 18:12:25', '1a', '2024-03-25 08:19:15', '1a'),
	('1120.090.003', '1120', 'AR - MMI', '10', 0, '1', 1, '2024-03-16 18:12:25', '1a', '2024-03-25 08:19:15', '1a'),
	('1120.091.001', '1120.010.000', 'AR BANK BCA V,M ', '10', 0, '1', 1, '2024-03-16 18:12:25', '1a', '2024-03-25 08:19:15', '1a'),
	('1120.091.002', '1120.010.000', 'AR BANK BCA DEBIT', '10', 0, '1', 1, '2024-03-16 18:12:25', '1a', '2024-03-25 08:19:15', '1a'),
	('1120.091.003', '1120.010.000', 'AR BANK BCA FLAZZ', '10', 0, '1', 1, '2024-03-16 18:12:25', '1a', '2024-03-25 08:19:15', '1a'),
	('1120.091.004', '1120.010.000', 'AR BANK MANDIRI DEBIT,V,M', '10', 0, '1', 1, '2024-03-16 18:12:25', '1a', '2024-03-25 08:19:15', '1a'),
	('1120.091.005', '1120.010.000', 'AR BANK DANAMON DEBIT,V,M', '10', 0, '1', 1, '2024-03-16 18:12:25', '1a', '2024-03-25 08:19:15', '1a'),
	('1120.091.006', '1120.010.000', 'AR BANK CIMB DEBIT,V,M', '10', 0, '1', 1, '2024-03-16 18:12:25', '1a', '2024-03-25 08:19:15', '1a'),
	('1120.091.007', '1120.010.000', 'AR BANK CITIBANK V,M', '10', 0, '1', 1, '2024-03-16 18:12:25', '1a', '2024-03-25 08:19:15', '1a'),
	('1120.091.008', '1120.010.000', 'AR CASH', '10', 0, '1', 1, '2024-03-16 18:12:25', '1a', '2024-03-25 08:19:15', '1a'),
	('1120.091.020', '1120', 'AR TENANT - ALL OUTLET', '10', 0, '1', 1, '2024-03-16 18:12:25', '1a', '2024-03-25 08:19:15', '1a'),
	('1130', '11', 'INVENTORY', '10', 0, '1', 1, '2024-03-16 18:12:25', '1a', '2024-03-25 08:19:15', '1a'),
	('1130.001.000', '1130', 'Inventory - Food', '10', 0, '1', 1, '2024-03-16 18:12:25', '1a', '2024-03-25 08:19:15', '1a'),
	('1130.002.000', '1130', 'Inventory - Beverage', '10', 0, '1', 1, '2024-03-16 18:12:25', '1a', '2024-03-25 08:19:15', '1a'),
	('1130.003.000', '1130', 'Inventory - Supplies', '10', 0, '1', 1, '2024-03-16 18:12:25', '1a', '2024-03-25 08:19:15', '1a'),
	('1130.004.000', '1130', 'Inventory - Prosess Food', '10', 0, '1', 1, '2024-03-16 18:12:25', '1a', '2024-03-25 08:19:15', '1a'),
	('1130.005.000', '1130', 'Inventory - Spicse', '10', 0, '1', 1, '2024-03-16 18:12:25', '1a', '2024-03-25 08:19:15', '1a'),
	('1130.006.000', '1130', 'Inventory - Proses Spies', '10', 0, '1', 1, '2024-03-16 18:12:25', '1a', '2024-03-25 08:19:15', '1a'),
	('1130.007.000', '1130', 'Inventory - Other', '10', 0, '1', 1, '2024-03-16 18:12:25', '1a', '2024-03-25 08:19:15', '1a'),
	('1130.009.000', '1130', 'Inventory - Import Good', '10', 0, '1', 1, '2024-03-16 18:12:25', '1a', '2024-03-25 08:19:15', '1a'),
	('1140', '11', 'PREPAID', '10', 0, '1', 1, '2024-03-16 18:12:25', '1a', '2024-03-25 08:19:15', '1a'),
	('1140.001.000', '1140', 'Prepaid Rent', '10', 0, '1', 1, '2024-03-16 18:12:25', '1a', '2024-03-25 08:19:15', '1a'),
	('1140.002.000', '1140', 'Prepaid Insurance', '10', 0, '1', 1, '2024-03-16 18:12:25', '1a', '2024-03-25 08:19:15', '1a'),
	('1140.003.000', '1140', 'Prepaid Tax', '10', 0, '1', 1, '2024-03-16 18:12:25', '1a', '2024-03-25 08:19:15', '1a'),
	('1140.004.000', '1140', 'Prepaid Service Charge', '10', 0, '1', 1, '2024-03-16 18:12:25', '1a', '2024-03-25 08:19:15', '1a'),
	('1150.001.000', '1140', 'Down Payment', '10', 0, '1', 1, '2024-03-16 18:12:25', '1a', '2024-03-25 08:19:15', '1a'),
	('1160', '11', 'FIX ASSET', '10', 0, '1', 1, '2024-03-16 18:12:25', '1a', '2024-03-25 08:19:15', '1a'),
	('1160.001.000', '1160', 'FA - Motor Vehicle ', '10', 0, '1', 1, '2024-03-16 18:12:25', '1a', '2024-03-25 08:19:15', '1a'),
	('1160.002.000', '1160', 'FA - Computer', '10', 0, '1', 1, '2024-03-16 18:12:25', '1a', '2024-03-25 08:19:15', '1a'),
	('1160.003.000', '1160', 'FA - Furniture ', '10', 0, '1', 1, '2024-03-16 18:12:25', '1a', '2024-03-25 08:19:15', '1a'),
	('1160.004.000', '1160', 'FA - Equipment', '10', 0, '1', 1, '2024-03-16 18:12:25', '1a', '2024-03-25 08:19:15', '1a'),
	('1160.005.000', '1160', 'FA - Furniture Fix (Opr)', '10', 0, '1', 1, '2024-03-16 18:12:25', '1a', '2024-03-25 08:19:15', '1a'),
	('1160.006.000', '1160', 'FA - Renovation', '10', 0, '1', 1, '2024-03-16 18:12:25', '1a', '2024-03-25 08:19:15', '1a'),
	('1170', '11', 'ACCUMULATE DEPRETIATION', '10', 0, '1', 1, '2024-03-16 18:12:25', '1a', '2024-03-25 08:19:15', '1a'),
	('1170.001.000', '1170', 'Acc. Depr. Motor Vehicle ', '10', 0, '1', 1, '2024-03-16 18:12:25', '1a', '2024-03-25 08:19:15', '1a'),
	('1170.002.000', '1170', 'Acc. Depr. Computer', '10', 0, '1', 1, '2024-03-16 18:12:26', '1a', '2024-03-25 08:19:15', '1a'),
	('1170.003.000', '1170', 'Acc. Depr. Furniture', '10', 0, '1', 1, '2024-03-16 18:12:26', '1a', '2024-03-25 08:19:15', '1a'),
	('1170.004.000', '1170', 'Acc. Depr. Equipment', '10', 0, '1', 1, '2024-03-16 18:12:26', '1a', '2024-03-25 08:19:15', '1a'),
	('1170.005.000', '1170', 'Acc. Depr. Furniture Fix (Opr) ', '10', 0, '1', 1, '2024-03-16 18:12:26', '1a', '2024-03-25 08:19:15', '1a'),
	('1170.006.000', '1170', 'Acc. Depr. Renovation', '10', 0, '1', 1, '2024-03-16 18:12:26', '1a', '2024-03-25 08:19:15', '1a'),
	('1180', '11', 'DEPOSIT', '10', 0, '1', 1, '2024-03-16 18:12:26', '1a', '2024-03-25 08:19:15', '1a'),
	('1180.001.001', '1180', 'SECURITY DEPOSIT', '10', 0, '1', 1, '2024-03-16 18:12:26', '1a', '2024-03-25 08:19:15', '1a'),
	('1181', '11', 'Advance', '10', 0, '1', 1, '2024-03-16 18:12:26', '1a', '2024-03-25 08:19:15', '1a'),
	('1190', '11', 'LONG TERM INVESMENT', '10', 0, '1', 1, '2024-03-16 18:12:26', '1a', '2024-03-25 08:19:15', '1a'),
	('1190-000.004', '1190', 'Selera Prima Lestarindo', '10', 0, '1', 1, '2024-03-16 18:12:26', '1a', '2024-03-25 08:19:15', '1a'),
	('1190.000.001', '1190', 'Dinasti Kuliner', '10', 0, '1', 1, '2024-03-16 18:12:26', '1a', '2024-03-25 08:19:15', '1a'),
	('1190.000.002', '1190', 'Boga Lima Radja Inti', '10', 0, '1', 1, '2024-03-16 18:12:26', '1a', '2024-03-25 08:19:15', '1a'),
	('1190.000.003', '1190', 'Lima Radja Kuliner', '10', 0, '1', 1, '2024-03-16 18:12:26', '1a', '2024-03-25 08:19:15', '1a'),
	('1190.000.004', '1190', 'Selera Prima Lestarindo', '10', 0, '1', 1, '2024-03-16 18:12:26', '1a', '2024-03-25 08:19:15', '1a'),
	('1190.001.001', '1190', 'INVESTMENT', '10', 0, '1', 1, '2024-03-16 18:12:26', '1a', '2024-03-25 08:19:15', '1a'),
	('1200', '1', 'OTHER ASSETS', '10', 0, '1', 1, '2024-03-16 18:12:26', '1a', '2024-03-25 08:19:15', '1a'),
	('1200.000.001', '1200', 'Pra Operating', '10', 0, '1', 1, '2024-03-16 18:12:26', '1a', '2024-03-25 08:19:15', '1a'),
	('200', '-', 'LEABILITIES & CAPITAL', '20', 0, '1', 1, '2024-03-16 18:12:26', '1a', '2024-03-25 08:19:15', '1a'),
	('2000', '200', 'ACCOUNT PAYABLE', '20', 0, '1', 1, '2024-03-16 18:12:26', '1a', '2024-03-25 08:19:15', '1a'),
	('2110.000.001', '2000', 'AP - Trade', '20', 0, '1', 1, '2024-03-16 18:12:26', '1a', '2024-03-25 08:19:15', '1a'),
	('2110.000.002', '2000', 'AP - Building', '20', 0, '1', 1, '2024-03-16 18:12:26', '1a', '2024-03-25 08:19:15', '1a'),
	('2110.000.003', '2000', 'AP - Jamsostek', '20', 0, '1', 1, '2024-03-16 18:12:26', '1a', '2024-03-25 08:19:15', '1a'),
	('2110.000.004', '2000', 'AP - FOODINDO', '20', 0, '1', 1, '2024-03-16 18:12:26', '1a', '2024-03-25 08:19:15', '1a'),
	('2110.000.005', '2000', 'AP - TML', '20', 0, '1', 1, '2024-03-16 18:12:26', '1a', '2024-03-25 08:19:15', '1a'),
	('2110.000.006', '2000', 'AP - AT', '20', 0, '1', 1, '2024-03-16 18:12:26', '1a', '2024-03-25 08:19:15', '1a'),
	('2110.000.007', '2000', 'AP - ADT', '20', 0, '1', 1, '2024-03-16 18:12:26', '1a', '2024-03-25 08:19:15', '1a'),
	('2110.000.010', '2000', 'AP OTHER', '20', 0, '1', 1, '2024-03-16 18:12:26', '1a', '2024-03-25 08:19:15', '1a'),
	('2120', '200', 'TAX', '20', 0, '1', 1, '2024-03-16 18:12:26', '1a', '2024-03-25 08:19:15', '1a'),
	('2120.000.001', '2120', 'Tax Payable PB1', '20', 0, '1', 1, '2024-03-16 18:12:26', '1a', '2024-03-25 08:19:15', '1a'),
	('2120.000.002', '2120', 'Tax Payable PPh 21', '20', 0, '1', 1, '2024-03-16 18:12:26', '1a', '2024-03-25 08:19:15', '1a'),
	('2120.000.003', '2120', 'Tax Payable PPh 23', '20', 0, '1', 1, '2024-03-16 18:12:26', '1a', '2024-03-25 08:19:15', '1a'),
	('2120.000.004', '2120', 'Tax Payable PPh 25', '20', 0, '1', 1, '2024-03-16 18:12:26', '1a', '2024-03-25 08:19:15', '1a'),
	('2120.000.005', '2120', 'Tax Payable PPh 4 (2)', '20', 0, '1', 1, '2024-03-16 18:12:26', '1a', '2024-03-25 08:19:15', '1a'),
	('2120.000.006', '2120', 'Tax Payable PPh Ps 2 Ayat 2', '20', 0, '1', 1, '2024-03-16 18:12:26', '1a', '2024-03-25 08:19:15', '1a'),
	('2120.000.007', '2120', 'Tax Payable PPN', '20', 0, '1', 1, '2024-03-16 18:12:26', '1a', '2024-03-25 08:19:15', '1a'),
	('2130', '200', 'CUSTOMER DEPOSIT', '20', 0, '1', 1, '2024-03-16 18:12:26', '1a', '2024-03-25 08:19:15', '1a'),
	('2140', '200', 'SERVICE CHARGE MOKKA COFFE', '20', 0, '1', 1, '2024-03-16 18:12:26', '1a', '2024-03-25 08:19:15', '1a'),
	('3110', '200', 'CAPITAL', '20', 0, '1', 1, '2024-03-16 18:12:26', '1a', '2024-03-25 08:19:15', '1a'),
	('3110.001.000', '3110', 'Return Earning', '20', 0, '1', 1, '2024-03-16 18:12:26', '1a', '2024-03-25 08:19:15', '1a'),
	('3110.002.000', '3110', 'Current Return Earning', '20', 0, '1', 1, '2024-03-16 18:12:26', '1a', '2024-03-25 08:19:15', '1a'),
	('3110.003.000', '3110', 'CURRENT PROFIT & LOSS', '20', 0, '1', 1, '2024-03-16 18:12:26', '1a', '2024-03-25 08:19:15', '1a'),
	('3110.004.000', '3110', 'Credit Note', '20', 0, '1', 1, '2024-03-16 18:12:26', '1a', '2024-03-25 08:19:15', '1a'),
	('3120', '3110', 'SHAREHOLDERS', '20', 0, '1', 1, '2024-03-16 18:12:26', '1a', '2024-03-25 08:19:15', '1a'),
	('3120.001.000', '3120', 'Shareholders - TML', '20', 0, '1', 1, '2024-03-16 18:12:26', '1a', '2024-03-25 08:19:15', '1a'),
	('3120.002.000', '3120', 'Shareholder - TF', '20', 0, '1', 1, '2024-03-16 18:12:26', '1a', '2024-03-25 08:19:15', '1a'),
	('3120.003.000', '3120', 'Shareholder - IT', '20', 0, '1', 1, '2024-03-16 18:12:26', '1a', '2024-03-25 08:19:15', '1a'),
	('3120.004.000', '3120', 'Shareholder - SSP', '20', 0, '1', 1, '2024-03-16 18:12:26', '1a', '2024-03-25 08:19:15', '1a'),
	('3120.005.000', '3120', 'Shareholder - AT', '20', 0, '1', 1, '2024-03-16 18:12:26', '1a', '2024-03-25 08:19:15', '1a'),
	('3120.006.000', '3120', 'Shareholder - ADT', '20', 0, '1', 1, '2024-03-16 18:12:26', '1a', '2024-03-25 08:19:15', '1a'),
	('4000', '-', 'SALES', '40', 0, '1', 1, '2024-03-16 18:12:26', '1a', '2024-03-25 08:19:15', '1a'),
	('4000.200', '4000', 'SALES MOKKA COFFE CABANA', '40', 0, '1', 1, '2024-03-16 18:12:26', '1a', '2024-03-25 08:19:15', '1a'),
	('4000.200.001', '4000.200', 'SALES MOKKA', '40', 0, '1', 1, '2024-03-16 18:12:26', '1a', '2024-03-25 08:19:15', '1a'),
	('4111.001', '4000', 'SALES MOKKA ', '40', 0, '1', 1, '2024-03-16 18:12:26', '1a', '2024-03-25 08:19:15', '1a'),
	('4111.001.001', '4111.001', 'MCB - Sales - Food', '40', 0, '1', 1, '2024-03-16 18:12:26', '1a', '2024-03-25 08:19:15', '1a'),
	('4111.001.002', '4111.001', 'MCB - Sales - Baverages', '40', 0, '1', 1, '2024-03-16 18:12:26', '1a', '2024-03-25 08:19:15', '1a'),
	('4111.001.003', '4111.001', 'MCB - Sales - Cake', '40', 0, '1', 1, '2024-03-16 18:12:26', '1a', '2024-03-25 08:19:15', '1a'),
	('4111.005.000', '4000', 'SALES IMPORT', '40', 0, '1', 1, '2024-03-16 18:12:26', '1a', '2024-03-25 08:19:15', '1a'),
	('4113.001', '4000', 'DISCOUNT', '40', 0, '1', 1, '2024-03-16 18:12:26', '1a', '2024-03-25 08:19:15', '1a'),
	('4113.002.001', '4113.001', 'Discount Mokka Bintaro', '40', 0, '1', 1, '2024-03-16 18:12:26', '1a', '2024-03-25 08:19:15', '1a'),
	('5110', '4000', 'COGS', '40', 0, '1', 1, '2024-03-16 18:12:26', '1a', '2024-03-25 08:19:15', '1a'),
	('5110.001', '5110', 'COGS MKG', '40', 0, '1', 1, '2024-03-16 18:12:26', '1a', '2024-03-25 08:19:15', '1a'),
	('5111.001', '0', 'COGS MOKKA COFFE BINTARO', '40', 0, '1', 1, '2024-03-16 18:12:26', '1a', '2024-03-25 08:19:15', '1a'),
	('5111.001.001', '5111.001', 'MCB - COGS - Food', '40', 0, '1', 1, '2024-03-16 18:12:26', '1a', '2024-03-25 08:19:15', '1a'),
	('5111.001.002', '5111.001', 'MCB - COGS - Beverages', '40', 0, '1', 1, '2024-03-16 18:12:26', '1a', '2024-03-25 08:19:15', '1a'),
	('6000', '-', 'EXPENSE', '60', 0, '1', 1, '2024-03-16 18:12:26', '1a', '2024-03-25 08:19:15', '1a'),
	('6110', '6000', 'OPERATIONAL EXPENSE', '60', 0, '1', 1, '2024-03-16 18:12:26', '1a', '2024-03-25 08:19:15', '1a'),
	('6110.000.001', '6110', 'SALARY EXPENSE', '60', 0, '1', 1, '2024-03-16 18:12:26', '1a', '2024-03-25 08:19:15', '1a'),
	('6110.000.002', '6110', 'JAMSOSTEK EXPENSE', '60', 0, '1', 1, '2024-03-16 18:12:26', '1a', '2024-03-25 08:19:15', '1a'),
	('6110.000.003', '6110', 'SERVICE CHARGE DISTRIBUTION EXPENSE', '60', 0, '1', 1, '2024-03-16 18:12:26', '1a', '2024-03-25 08:19:15', '1a'),
	('6110.000.004', '6110', 'MEDICAL EXPENSE', '60', 0, '1', 1, '2024-03-16 18:12:26', '1a', '2024-03-25 08:19:15', '1a'),
	('6110.000.005', '6110', 'TRANSPORT EXPENSE', '60', 0, '1', 1, '2024-03-16 18:12:26', '1a', '2024-03-25 08:19:15', '1a'),
	('6110.000.006', '6110', 'MARKETING AND PROMOTION EXPENSE', '60', 0, '1', 1, '2024-03-16 18:12:26', '1a', '2024-03-25 08:19:15', '1a'),
	('6110.000.007', '6110', 'ENTERTAINMENT EXPENSE', '60', 0, '1', 1, '2024-03-16 18:12:26', '1a', '2024-03-25 08:19:15', '1a'),
	('6110.000.008', '6110', 'SUPPLIES EXPENSE', '60', 0, '1', 1, '2024-03-16 18:12:26', '1a', '2024-03-25 08:19:15', '1a'),
	('6110.000.009', '6110', 'TRAINING EXPENSE', '60', 0, '1', 1, '2024-03-16 18:12:26', '1a', '2024-03-25 08:19:15', '1a'),
	('6110.000.010', '6110', 'PRODUCT DEVELOPMENT EXPENSE', '60', 0, '1', 1, '2024-03-16 18:12:26', '1a', '2024-03-25 08:19:15', '1a'),
	('6110.000.011', '6110', 'VARIANCE EXPENSE', '60', 0, '1', 1, '2024-03-16 18:12:26', '1a', '2024-03-25 08:19:15', '1a'),
	('6110.000.012', '6110', 'DELIVERY ORDER EXPENSE', '60', 0, '1', 1, '2024-03-16 18:12:26', '1a', '2024-03-25 08:19:15', '1a'),
	('6110.000.013', '6110', 'LEGAL & PROFESIONAL FEE EXPENSE', '60', 0, '1', 1, '2024-03-16 18:12:26', '1a', '2024-03-25 08:19:15', '1a'),
	('6110.000.014', '6110', 'BANK ADMIN EXPENSE', '60', 0, '1', 1, '2024-03-16 18:12:26', '1a', '2024-03-25 08:19:15', '1a'),
	('6110.000.015', '6110', 'COPY & PRINT EXPENSE', '60', 0, '1', 1, '2024-03-16 18:12:26', '1a', '2024-03-25 08:19:15', '1a'),
	('6110.000.016', '6110', 'MAINTENANCE EXPENSE', '60', 0, '1', 1, '2024-03-16 18:12:26', '1a', '2024-03-25 08:19:15', '1a'),
	('6110.000.017', '6110', 'ELECTRICAL EXPENSE', '60', 0, '1', 1, '2024-03-16 18:12:26', '1a', '2024-03-25 08:19:15', '1a'),
	('6110.000.019', '6110', 'WATER EXPENSE', '60', 0, '1', 1, '2024-03-16 18:12:26', '1a', '2024-03-25 08:19:15', '1a'),
	('6110.000.020', '6110', 'GAS EXPENSE', '60', 0, '1', 1, '2024-03-16 18:12:26', '1a', '2024-03-25 08:19:15', '1a'),
	('6110.000.021', '6110', 'TELEPHONE EXPENSE', '60', 0, '1', 1, '2024-03-16 18:12:26', '1a', '2024-03-25 08:19:15', '1a'),
	('6110.000.022', '6110', 'INTERNET EXPENSE', '60', 0, '1', 1, '2024-03-16 18:12:26', '1a', '2024-03-25 08:19:15', '1a'),
	('6110.000.023', '6110', 'ADMIN EXPENSE', '60', 0, '1', 1, '2024-03-16 18:12:26', '1a', '2024-03-25 08:19:15', '1a'),
	('6111', '6000', 'ADMIN EXPENSE', '60', 0, '1', 1, '2024-03-16 18:12:26', '1a', '2024-03-25 08:19:15', '1a'),
	('6120', '6000', 'DEP. EXPENSE', '60', 0, '1', 1, '2024-03-16 18:12:26', '1a', '2024-03-25 08:19:15', '1a'),
	('6120.001.001', '6120', 'Depr. Expense Motor Vehicle', '60', 0, '1', 1, '2024-03-16 18:12:26', '1a', '2024-03-25 08:19:15', '1a'),
	('6120.001.002', '6120', 'Depr. Expense Computer', '60', 0, '1', 1, '2024-03-16 18:12:26', '1a', '2024-03-25 08:19:15', '1a'),
	('6120.001.003', '6120', 'Depr. Expense Office Furniture', '60', 0, '1', 1, '2024-03-16 18:12:26', '1a', '2024-03-25 08:19:15', '1a'),
	('6120.001.004', '6120', 'Depr. Expense Bar Equip', '60', 0, '1', 1, '2024-03-16 18:12:26', '1a', '2024-03-25 08:19:15', '1a'),
	('6120.001.005', '6120', 'Depr. Expense Furniture Fix (Opr)', '60', 0, '1', 1, '2024-03-16 18:12:26', '1a', '2024-03-25 08:19:15', '1a'),
	('6120.001.006', '6120', 'Depr.Expense Pra Operating', '60', 0, '1', 1, '2024-03-16 18:12:26', '1a', '2024-03-25 08:19:15', '1a'),
	('6120.001.007', '6120', 'Depr. Expense Renovation', '60', 0, '1', 1, '2024-03-16 18:12:26', '1a', '2024-03-25 08:19:15', '1a'),
	('6200', '6000', 'RENTAL & SERVISE CHARGE EXPENSE', '60', 0, '1', 1, '2024-03-16 18:12:26', '1a', '2024-03-25 08:19:15', '1a'),
	('6200.001-005', '6000', 'OTHER EXPENSE', '60', 0, '1', 1, '2024-03-16 18:12:26', '1a', '2024-03-25 08:19:15', '1a'),
	('6200.001.001', '6200', 'BUILDING SERVICE CHARGE EXPENSE', '60', 0, '1', 1, '2024-03-16 18:12:26', '1a', '2024-03-25 08:19:15', '1a'),
	('6200.001.002', '6200', 'BUILDING RENTAL EXPENSE', '60', 0, '1', 1, '2024-03-16 18:12:26', '1a', '2024-03-25 08:19:15', '1a'),
	('6200.001.003', '6200', 'CENTER PROMOTION EXPENSE', '60', 0, '1', 1, '2024-03-16 18:12:26', '1a', '2024-03-25 08:19:15', '1a'),
	('6200.001.004', '6000', 'Other Income', '60', 0, '1', 1, '2024-03-16 18:12:26', '1a', '2024-03-25 08:19:15', '1a'),
	('6200.001.004.001', '6200.001.004', 'Other Income', '60', 0, '1', 1, '2024-03-16 18:12:26', '1a', '2024-03-25 08:19:15', '1a'),
	('6300', '6000', 'OTHER EXPENSE', '60', 0, '1', 1, '2024-03-16 18:12:26', '1a', '2024-03-25 08:19:15', '1a'),
	('6300.001.001', '6200.001-005', 'OTHER EXPENSE', '60', 0, '1', 1, '2024-03-16 18:12:26', '1a', '2024-03-25 08:19:15', '1a'),
	('6300.002.001', '6200.001-005', 'TAX EXPENSE PPH IMPOR', '60', 0, '1', 1, '2024-03-16 18:12:26', '1a', '2024-03-25 08:19:15', '1a'),
	('6300.002.002', '6200.001-005', 'TAXEXPENSE PPN IMPOR', '60', 0, '1', 1, '2024-03-16 18:12:26', '1a', '2024-03-25 08:19:15', '1a'),
	('6300.002.003', '6200.001-005', 'TAX EXPENSE ', '60', 0, '1', 1, '2024-03-16 18:12:26', '1a', '2024-03-25 08:19:15', '1a'),
	('7000', '0', 'OTHER INCOME', '70', 0, '1', 1, '2024-03-16 18:12:26', '1a', '2024-03-25 08:19:15', '1a'),
	('7000.001.001', '7000', 'BUNGA BANK', '70', 0, '1', 1, '2024-03-16 18:12:26', '1a', '2024-03-25 08:19:15', '1a'),
	('7000.001.002', '7000', 'SERVICE CHARGE', '70', 0, '1', 1, '2024-03-16 18:12:26', '1a', '2024-03-25 08:19:16', '1a'),
	('7000.001.003', '7000', 'OTHER INCOME', '70', 0, '1', 1, '2024-03-16 18:12:26', '1a', '2024-03-25 08:19:16', '1a');

-- Dumping structure for table open_akunting.account_balance
CREATE TABLE IF NOT EXISTS `account_balance` (
  `id` int(11) NOT NULL AUTO_INCREMENT,
  `year` int(4) NOT NULL DEFAULT 2024,
  `month` int(2) NOT NULL DEFAULT 1,
  `accountId` varchar(50) NOT NULL DEFAULT '',
  `outletId` varchar(50) NOT NULL DEFAULT '',
  `beginBalance` double NOT NULL DEFAULT 0,
  `debit` double NOT NULL DEFAULT 0,
  `credit` double NOT NULL DEFAULT 0,
  `endBalance` double NOT NULL DEFAULT 0,
  `status` varchar(2) NOT NULL DEFAULT '1',
  `presence` int(1) NOT NULL DEFAULT 1,
  `inputDate` datetime NOT NULL DEFAULT '2024-01-01 00:00:00',
  `inputBy` varchar(50) NOT NULL DEFAULT '',
  `updateDate` datetime NOT NULL DEFAULT '2024-01-01 00:00:00',
  `updateBy` varchar(50) NOT NULL DEFAULT '',
  PRIMARY KEY (`id`) USING BTREE
) ENGINE=InnoDB AUTO_INCREMENT=84 DEFAULT CHARSET=utf16 COLLATE=utf16_bin;

-- Dumping data for table open_akunting.account_balance: ~29 rows (approximately)
INSERT INTO `account_balance` (`id`, `year`, `month`, `accountId`, `outletId`, `beginBalance`, `debit`, `credit`, `endBalance`, `status`, `presence`, `inputDate`, `inputBy`, `updateDate`, `updateBy`) VALUES
	(53, 2024, 2, '1000', '1', 0, 1000000, 0, 1000000, '1', 1, '2024-02-18 18:37:47', '1a', '2024-02-18 18:37:47', '1a'),
	(54, 2024, 2, '2300', '1', 0, 0, 1000000, 1000000, '1', 1, '2024-02-18 18:37:47', '1a', '2024-02-18 18:37:47', '1a'),
	(55, 2024, 2, '1300', '1', 0, 400000, 0, 400000, '1', 1, '2024-02-18 18:41:13', '1a', '2024-02-18 18:41:13', '1a'),
	(56, 2024, 2, '2200', '1', 0, 0, 400000, 400000, '1', 1, '2024-02-18 18:41:13', '1a', '2024-02-18 18:41:13', '1a'),
	(57, 2024, 1, '1000', '1', 0, 2400, 4370, 6770, '1', 1, '2024-02-19 09:16:39', '1a', '2024-02-19 09:16:40', '1a'),
	(58, 2024, 1, '1200', '1', 0, 7500, 2000, 9500, '1', 1, '2024-02-19 09:16:39', '1a', '2024-02-19 09:16:39', '1a'),
	(59, 2024, 1, '1100', '1', 0, 1700, 700, 2400, '1', 1, '2024-02-19 09:16:39', '1a', '2024-02-19 09:16:39', '1a'),
	(60, 2024, 1, '2300', '1', 0, 2000, 2700, 4700, '1', 1, '2024-02-19 09:16:39', '1a', '2024-02-19 09:16:39', '1a'),
	(61, 2024, 1, '3200', '1', 0, 200, 0, 200, '1', 1, '2024-02-19 09:16:39', '1a', '2024-02-19 09:16:39', '1a'),
	(62, 2024, 1, '5000.5230', '1', 0, 80, 0, 80, '1', 1, '2024-02-19 09:16:39', '1a', '2024-02-19 09:16:39', '1a'),
	(63, 2024, 1, '1300', '1', 0, 600, 300, 900, '1', 1, '2024-02-19 09:16:39', '1a', '2024-02-19 09:16:39', '1a'),
	(64, 2024, 1, '1400', '1', 0, 2700, 0, 2700, '1', 1, '2024-02-19 09:16:39', '1a', '2024-02-19 09:16:39', '1a'),
	(65, 2024, 1, '2100', '1', 0, 800, 0, 800, '1', 1, '2024-02-19 09:16:39', '1a', '2024-02-19 09:16:39', '1a'),
	(66, 2024, 1, '5000.5220', '1', 0, 90, 0, 90, '1', 1, '2024-02-19 09:16:39', '1a', '2024-02-19 09:16:39', '1a'),
	(67, 2024, 1, '3300', '1', 0, 0, 1200, 1200, '1', 1, '2024-02-19 09:16:39', '1a', '2024-02-19 09:16:39', '1a'),
	(68, 2024, 1, '5000.5100', '1', 0, 0, 600, 600, '1', 1, '2024-02-19 09:16:39', '1a', '2024-02-19 09:16:39', '1a'),
	(69, 2024, 1, '3100', '1', 0, 1500, 0, 1500, '1', 1, '2024-02-19 09:16:39', '1a', '2024-02-19 09:16:39', '1a'),
	(70, 2024, 1, '1500', '1', 0, 0, 400, 400, '1', 1, '2024-02-19 09:16:39', '1a', '2024-02-19 09:16:39', '1a'),
	(71, 2024, 1, '2400', '1', 0, 400, 0, 400, '1', 1, '2024-02-19 09:16:39', '1a', '2024-02-19 09:16:39', '1a'),
	(72, 2024, 1, '2200', '1', 0, 0, 3000, 3000, '1', 1, '2024-02-19 09:16:39', '1a', '2024-02-19 09:16:39', '1a'),
	(73, 2024, 1, '3500', '1', 0, 700, 0, 700, '1', 1, '2024-02-19 09:16:40', '1a', '2024-02-19 09:16:40', '1a'),
	(74, 2024, 2, '6110.000.005', '1', 0, 1000000, 0, 1000000, '1', 1, '2024-02-20 10:58:08', '1a', '2024-02-20 10:58:08', '1a'),
	(75, 2024, 2, '1110.001.000', '1', 0, 6000000, 0, 6000000, '1', 1, '2024-02-20 10:58:08', '1a', '2024-02-23 19:21:18', '1a'),
	(76, 2024, 2, '1130.001.000', '1', 0, 6000000, 0, 6000000, '1', 1, '2024-02-20 11:03:11', '1a', '2024-02-22 18:15:29', '1a'),
	(77, 2024, 2, '1110.011.000', '1', 0, 0, 6000000, 6000000, '1', 1, '2024-02-20 11:03:11', '1a', '2024-02-23 19:21:18', '1a'),
	(78, 2024, 2, '6110.000.006', '1', 0, 5000000, 0, 5000000, '1', 1, '2024-02-20 11:27:19', '1a', '2024-02-20 11:27:19', '1a'),
	(79, 2024, 2, '1110.005.000', '1', 0, 0, 18200000, 18200000, '1', 1, '2024-02-20 11:27:19', '1a', '2024-02-20 11:34:59', '1a'),
	(80, 2024, 2, '4111.001.001', '1', 0, 6200000, 0, 6200000, '1', 1, '2024-02-20 11:30:05', '1a', '2024-02-20 11:31:27', '1a'),
	(81, 2024, 2, '5110.001', '1', 0, 7000000, 0, 7000000, '1', 1, '2024-02-20 11:34:59', '1a', '2024-02-20 11:34:59', '1a'),
	(82, 2024, 3, '1110.003.000', '11', 0, 100000, 0, 100000, '1', 1, '2024-03-01 09:24:50', '1a', '2024-03-01 09:24:50', '1a'),
	(83, 2024, 3, '6200.001.004.001', '1', 0, 0, 100000, 100000, '1', 1, '2024-03-01 09:24:50', '1a', '2024-03-01 09:24:50', '1a');

-- Dumping structure for table open_akunting.account_type
CREATE TABLE IF NOT EXISTS `account_type` (
  `id` varchar(10) NOT NULL DEFAULT '0',
  `name` varchar(250) NOT NULL DEFAULT '',
  `normalBalance` varchar(1) NOT NULL DEFAULT 'D',
  `position` varchar(5) NOT NULL DEFAULT '',
  `balanceSheet` int(1) NOT NULL DEFAULT 0,
  `profitAndLoss` int(1) NOT NULL DEFAULT 0,
  `status` varchar(2) NOT NULL DEFAULT '1',
  `presence` int(1) NOT NULL DEFAULT 1,
  `inputDate` datetime NOT NULL DEFAULT '2024-01-01 00:00:00',
  `inputBy` varchar(50) NOT NULL DEFAULT '',
  `updateDate` datetime NOT NULL DEFAULT '2024-01-01 00:00:00',
  `updateBy` varchar(50) NOT NULL DEFAULT '',
  PRIMARY KEY (`id`) USING BTREE
) ENGINE=InnoDB DEFAULT CHARSET=utf16 COLLATE=utf16_bin;

-- Dumping data for table open_akunting.account_type: ~6 rows (approximately)
INSERT INTO `account_type` (`id`, `name`, `normalBalance`, `position`, `balanceSheet`, `profitAndLoss`, `status`, `presence`, `inputDate`, `inputBy`, `updateDate`, `updateBy`) VALUES
	('10', 'ASSETS', 'D', 'BS', 1, 0, '1', 1, '2024-01-01 00:00:00', '', '2024-01-01 00:00:00', ''),
	('20', 'LEABILITIES & CAPITAL', 'D', 'BS', 1, 0, '1', 1, '2024-01-01 00:00:00', '', '2024-01-01 00:00:00', ''),
	('40', 'SALES', 'C', 'PL', 0, 1, '1', 1, '2024-01-01 00:00:00', '', '2024-01-01 00:00:00', ''),
	('50', 'COGS MOKKA COFFE BINTARO', 'D', 'PL', 0, 1, '1', 1, '2024-01-01 00:00:00', '', '2024-01-01 00:00:00', ''),
	('60', 'EXPENSE', 'C', 'PL', 0, 1, '1', 1, '2024-01-01 00:00:00', '', '2024-01-01 00:00:00', ''),
	('70', 'OTHER INCOME', 'C', 'PL', 0, 1, '1', 1, '2024-01-01 00:00:00', '', '2024-01-01 00:00:00', '');

-- Dumping structure for table open_akunting.ap_invoice
CREATE TABLE IF NOT EXISTS `ap_invoice` (
  `id` varchar(50) NOT NULL DEFAULT '',
  `supplierId` varchar(50) NOT NULL DEFAULT '',
  `invoiceDate` date NOT NULL DEFAULT '2024-01-01',
  `dueDate` date NOT NULL DEFAULT '2024-01-01',
  `amount` double NOT NULL DEFAULT 0,
  `paid` double NOT NULL DEFAULT 0,
  `status` int(9) NOT NULL DEFAULT 0,
  `presence` int(1) NOT NULL DEFAULT 1,
  `inputDate` datetime NOT NULL DEFAULT '2024-01-01 00:00:00',
  `inputBy` varchar(50) NOT NULL DEFAULT '',
  `updateDate` datetime NOT NULL DEFAULT '2024-01-01 00:00:00',
  `updateBy` varchar(50) NOT NULL DEFAULT '',
  PRIMARY KEY (`id`)
) ENGINE=InnoDB DEFAULT CHARSET=utf16 COLLATE=utf16_bin;

-- Dumping data for table open_akunting.ap_invoice: ~5 rows (approximately)
INSERT INTO `ap_invoice` (`id`, `supplierId`, `invoiceDate`, `dueDate`, `amount`, `paid`, `status`, `presence`, `inputDate`, `inputBy`, `updateDate`, `updateBy`) VALUES
	('HOTP000002', 'SP002', '2024-03-16', '2024-03-15', 10000000, 0, 0, 1, '2024-03-22 06:00:13', '1a', '2024-03-22 06:00:13', '1a'),
	('HOTP000003', 'SP001', '2024-03-01', '2024-03-23', 20000400, 0, 0, 1, '2024-03-22 06:01:06', '1a', '2024-03-22 06:01:06', '1a'),
	('HOTP000004', 'SP001', '2024-03-01', '2024-03-23', 34530, 0, 0, 1, '2024-03-22 06:01:10', '1a', '2024-03-22 06:01:10', '1a'),
	('HOTP000005', 'SP001', '2024-03-01', '2024-03-23', 50000000, 4800000, 0, 1, '2024-03-22 06:01:55', '1a', '2024-03-22 18:25:15', '1a'),
	('HOTP000006', 'SP002', '2024-03-22', '2024-03-22', 90890000, 9550260, 0, 1, '2024-03-22 08:19:32', '1a', '2024-03-25 04:05:15', '1a'),
	('TEST0001', 'SP001', '2024-01-01', '2024-01-01', 9990000, 509000, 0, 1, '2024-01-01 00:00:00', '', '2024-03-22 18:24:01', '1a');

-- Dumping structure for table open_akunting.ap_invoice_detail
CREATE TABLE IF NOT EXISTS `ap_invoice_detail` (
  `id` varchar(50) NOT NULL DEFAULT '',
  `invoiceId` varchar(50) NOT NULL DEFAULT '',
  `gnrNo` varchar(50) NOT NULL DEFAULT '',
  `poNo` varchar(50) NOT NULL DEFAULT '',
  `amount` double NOT NULL DEFAULT 0,
  `presence` int(11) NOT NULL DEFAULT 1,
  `inputDate` datetime NOT NULL DEFAULT '2024-01-01 00:00:00',
  `inputBy` varchar(50) NOT NULL DEFAULT '',
  `updateDate` datetime NOT NULL DEFAULT '2024-01-01 00:00:00',
  `updateBy` varchar(50) NOT NULL DEFAULT '',
  PRIMARY KEY (`id`) USING BTREE
) ENGINE=InnoDB DEFAULT CHARSET=utf16 COLLATE=utf16_bin;

-- Dumping data for table open_akunting.ap_invoice_detail: ~6 rows (approximately)
INSERT INTO `ap_invoice_detail` (`id`, `invoiceId`, `gnrNo`, `poNo`, `amount`, `presence`, `inputDate`, `inputBy`, `updateDate`, `updateBy`) VALUES
	('HOTP000005-000010', 'HOTP000005', '', '', 50000000, 1, '2024-03-22 18:25:02', '1a', '2024-03-22 18:25:02', '1a'),
	('HOTP000006-000001', 'HOTP000006', 'test1', 'po01', 90000000, 1, '2024-03-22 08:19:32', '1a', '2024-03-22 10:53:39', '1a'),
	('HOTP000006-000002', 'HOTP000006', 'test2', 'po2', 890000, 1, '2024-03-22 09:52:39', '1a', '2024-03-22 10:47:35', '1a'),
	('HOTP000006-000007', 'HOTP000006', 'test 3', 'po3', 14420, 0, '2024-03-22 09:56:06', '1a', '2024-03-22 10:55:04', '1a'),
	('TEST0001-000008', 'TEST0001', 'test1', 'po01', 100000, 0, '2024-03-22 18:13:37', '1a', '2024-03-22 18:15:37', '1a'),
	('TEST0001-000009', 'TEST0001', 'test1', 'po01', 9990000, 1, '2024-03-22 18:13:45', '1a', '2024-03-22 18:13:45', '1a');

-- Dumping structure for table open_akunting.ap_payment
CREATE TABLE IF NOT EXISTS `ap_payment` (
  `id` varchar(50) NOT NULL DEFAULT '',
  `journalId` varchar(50) NOT NULL,
  `supplierId` varchar(50) NOT NULL DEFAULT '',
  `debitAccountId` varchar(50) NOT NULL DEFAULT '',
  `creditAccountId` varchar(50) NOT NULL DEFAULT '',
  `paymentDate` date NOT NULL DEFAULT '2024-01-01',
  `memo` varchar(250) NOT NULL DEFAULT '',
  `dueDate` date NOT NULL DEFAULT '2024-01-01',
  `amount` double NOT NULL DEFAULT 0,
  `status` varchar(9) NOT NULL DEFAULT '0',
  `presence` int(11) NOT NULL DEFAULT 1,
  `inputDate` datetime NOT NULL DEFAULT '2024-01-01 00:00:00',
  `inputBy` varchar(50) NOT NULL DEFAULT '',
  `updateDate` datetime NOT NULL DEFAULT '2024-01-01 00:00:00',
  `updateBy` varchar(50) NOT NULL DEFAULT '',
  PRIMARY KEY (`id`) USING BTREE
) ENGINE=InnoDB DEFAULT CHARSET=utf16 COLLATE=utf16_bin;

-- Dumping data for table open_akunting.ap_payment: ~3 rows (approximately)
INSERT INTO `ap_payment` (`id`, `journalId`, `supplierId`, `debitAccountId`, `creditAccountId`, `paymentDate`, `memo`, `dueDate`, `amount`, `status`, `presence`, `inputDate`, `inputBy`, `updateDate`, `updateBy`) VALUES
	('000016', '', 'SP001', '2110.000.004', '', '2024-03-01', 'Memo  123', '2024-01-01', 0, '0', 1, '2024-03-25 10:56:00', '1a', '2024-03-25 10:56:00', '1a'),
	('000017', '', 'SP002', '2110.000.004', '', '2024-03-01', 'Memo  123', '2024-01-01', 0, '0', 1, '2024-03-25 10:56:22', '1a', '2024-03-25 10:56:22', '1a'),
	('000018', 'J000600', 'SP001', '2110.000.004', '1110.011.000', '2024-03-25', 'Memo  123', '2024-01-01', 6599130, '0', 1, '2024-03-25 10:58:55', '1a', '2024-03-27 11:29:32', '1a');

-- Dumping structure for table open_akunting.ap_payment_detail
CREATE TABLE IF NOT EXISTS `ap_payment_detail` (
  `id` int(11) NOT NULL AUTO_INCREMENT,
  `paymentId` varchar(50) NOT NULL DEFAULT '',
  `invoiceId` varchar(50) NOT NULL DEFAULT '',
  `payment` double NOT NULL DEFAULT 0,
  `adjustment` double NOT NULL DEFAULT 0,
  `amount` double NOT NULL DEFAULT 0,
  `adjustmentAccountId` varchar(50) NOT NULL DEFAULT '',
  `paymentDate` date NOT NULL DEFAULT '2024-01-01',
  `dueDate` date NOT NULL DEFAULT '2024-01-01',
  `presence` int(11) NOT NULL DEFAULT 1,
  `inputDate` datetime NOT NULL DEFAULT '2024-01-01 00:00:00',
  `inputBy` varchar(50) NOT NULL DEFAULT '',
  `updateDate` datetime NOT NULL DEFAULT '2024-01-01 00:00:00',
  `updateBy` varchar(50) NOT NULL DEFAULT '',
  PRIMARY KEY (`id`) USING BTREE
) ENGINE=InnoDB AUTO_INCREMENT=40 DEFAULT CHARSET=utf16 COLLATE=utf16_bin;

-- Dumping data for table open_akunting.ap_payment_detail: ~4 rows (approximately)
INSERT INTO `ap_payment_detail` (`id`, `paymentId`, `invoiceId`, `payment`, `adjustment`, `amount`, `adjustmentAccountId`, `paymentDate`, `dueDate`, `presence`, `inputDate`, `inputBy`, `updateDate`, `updateBy`) VALUES
	(29, '000018', 'HOTP000003', 6000000, 40000, 6040000, '1110.001.000', '2024-01-01', '2024-01-01', 1, '2024-03-27 10:27:09', '1a', '2024-03-27 10:27:09', '1a'),
	(30, '000018', 'HOTP000004', 324000, 35430, 359430, '1110.005.000', '2024-01-01', '2024-01-01', 1, '2024-03-27 10:27:09', '1a', '2024-03-27 10:27:09', '1a'),
	(31, '000018', 'HOTP000004', 64400, 0, 64400, '', '2024-01-01', '2024-01-01', 1, '2024-03-27 11:12:17', '1a', '2024-03-27 11:12:17', '1a'),
	(32, '000018', 'HOTP000004', 0, 35450, 35450, '1110.011.000', '2024-01-01', '2024-01-01', 1, '2024-03-27 11:12:17', '1a', '2024-03-27 11:12:17', '1a'),
	(37, '000018', 'HOTP000004', 64400, 0, 64400, '', '2024-01-01', '2024-01-01', 1, '2024-03-27 11:28:12', '1a', '2024-03-27 11:28:12', '1a'),
	(38, '000018', 'HOTP000004', 0, 35450, 35450, '1110.011.000', '2024-01-01', '2024-01-01', 1, '2024-03-27 11:28:12', '1a', '2024-03-27 11:28:12', '1a'),
	(39, '000018', '', 0, 0, 0, '', '2024-01-01', '2024-01-01', 1, '2024-03-27 11:29:32', '1a', '2024-03-27 11:29:32', '1a');

-- Dumping structure for table open_akunting.auto_number
CREATE TABLE IF NOT EXISTS `auto_number` (
  `id` int(11) NOT NULL AUTO_INCREMENT,
  `name` varchar(50) CHARACTER SET utf8mb4 COLLATE utf8mb4_bin DEFAULT NULL,
  `prefix` varchar(50) CHARACTER SET utf8mb4 COLLATE utf8mb4_bin DEFAULT NULL,
  `digit` int(11) NOT NULL DEFAULT 6,
  `runningNumber` int(11) NOT NULL DEFAULT 0,
  `lastRecord` varchar(50) DEFAULT NULL,
  `updateDate` int(11) DEFAULT NULL,
  PRIMARY KEY (`id`) USING BTREE
) ENGINE=InnoDB AUTO_INCREMENT=313 DEFAULT CHARSET=utf8mb4 COLLATE=utf8mb4_general_ci;

-- Dumping data for table open_akunting.auto_number: ~7 rows (approximately)
INSERT INTO `auto_number` (`id`, `name`, `prefix`, `digit`, `runningNumber`, `lastRecord`, `updateDate`) VALUES
	(305, 'account', 'A', 6, 6, 'A000006', 2024),
	(306, 'journal', 'J', 6, 602, 'J000602', 1711540804),
	(307, 'template', 'T', 6, 24, 'T000024', 1709920441),
	(308, 'cash_bank', 'CB', 6, 43, 'CB000043', 1708716078),
	(309, 'ap_invoice', 'HOTP', 6, 6, 'HOTP000006', 1711095572),
	(310, 'supplier', 'SP', 6, 0, NULL, NULL),
	(311, 'ap_invoice_detail', '', 6, 10, '000010', 1711131902),
	(312, 'ap_payment', NULL, 6, 18, '000018', 1711364335);

-- Dumping structure for table open_akunting.branch
CREATE TABLE IF NOT EXISTS `branch` (
  `id` int(11) NOT NULL AUTO_INCREMENT,
  `name` varchar(250) NOT NULL DEFAULT '',
  `status` varchar(2) NOT NULL DEFAULT '1',
  `presence` int(1) NOT NULL DEFAULT 1,
  `inputDate` datetime NOT NULL DEFAULT '2024-01-01 00:00:00',
  `inputBy` varchar(50) NOT NULL DEFAULT '',
  `updateDate` datetime NOT NULL DEFAULT '2024-01-01 00:00:00',
  `updateBy` varchar(50) NOT NULL DEFAULT '',
  PRIMARY KEY (`id`) USING BTREE
) ENGINE=InnoDB AUTO_INCREMENT=6 DEFAULT CHARSET=utf16 COLLATE=utf16_bin;

-- Dumping data for table open_akunting.branch: ~5 rows (approximately)
INSERT INTO `branch` (`id`, `name`, `status`, `presence`, `inputDate`, `inputBy`, `updateDate`, `updateBy`) VALUES
	(1, 'Grand Indonesia 3', '1', 1, '2024-01-01 00:00:00', '', '2024-03-12 07:26:22', '1a'),
	(2, 'Kota Kasablangka', '1', 1, '2024-01-01 00:00:00', '', '2024-03-12 07:26:22', '1a'),
	(3, 'Taman Anggrek', '1', 0, '2024-01-01 00:00:00', '', '2024-02-29 09:12:26', '1a'),
	(4, 'Central Park', '0', 1, '2024-01-01 00:00:00', '', '2024-03-12 07:26:22', '1a'),
	(5, 'MGK', '1', 1, '2024-02-29 09:20:36', '1a', '2024-03-12 07:26:22', '1a');

-- Dumping structure for table open_akunting.cash_bank
CREATE TABLE IF NOT EXISTS `cash_bank` (
  `id` int(11) NOT NULL AUTO_INCREMENT,
  `journalId` varchar(50) NOT NULL DEFAULT '',
  `journalDate` date NOT NULL DEFAULT '2024-01-01',
  `outletId` varchar(250) NOT NULL DEFAULT '',
  `accountId` varchar(250) NOT NULL DEFAULT '',
  `description` varchar(250) NOT NULL DEFAULT '',
  `debit` double NOT NULL DEFAULT 0,
  `credit` double NOT NULL DEFAULT 0,
  `presence` int(1) NOT NULL DEFAULT 1,
  `inputDate` datetime NOT NULL DEFAULT '2024-01-01 00:00:00',
  `inputBy` varchar(50) NOT NULL DEFAULT '',
  `updateDate` datetime NOT NULL DEFAULT '2024-01-01 00:00:00',
  `updateBy` varchar(50) NOT NULL DEFAULT '',
  PRIMARY KEY (`id`) USING BTREE
) ENGINE=InnoDB AUTO_INCREMENT=260 DEFAULT CHARSET=utf16 COLLATE=utf16_bin;

-- Dumping data for table open_akunting.cash_bank: ~2 rows (approximately)
INSERT INTO `cash_bank` (`id`, `journalId`, `journalDate`, `outletId`, `accountId`, `description`, `debit`, `credit`, `presence`, `inputDate`, `inputBy`, `updateDate`, `updateBy`) VALUES
	(258, 'CB000043', '2024-02-24', '1', '1110.001.000', '', 6000000, 0, 1, '2024-02-23 19:21:18', '1a', '2024-02-23 19:21:18', '1a'),
	(259, 'CB000043', '2024-02-24', '1', '1110.011.000', '', 0, 6000000, 1, '2024-02-23 19:21:18', '1a', '2024-02-23 19:21:18', '1a');

-- Dumping structure for table open_akunting.cash_bank_header
CREATE TABLE IF NOT EXISTS `cash_bank_header` (
  `id` varchar(50) NOT NULL DEFAULT '',
  `note` varchar(250) NOT NULL DEFAULT '',
  `ref` varchar(50) NOT NULL DEFAULT '',
  `accountId` varchar(50) NOT NULL DEFAULT '',
  `journalDate` date NOT NULL DEFAULT '2024-01-01',
  `totalDebit` double NOT NULL DEFAULT 0,
  `totalCredit` double NOT NULL DEFAULT 0,
  `templateId` varchar(50) NOT NULL DEFAULT '',
  `presence` int(1) NOT NULL DEFAULT 1,
  `inputDate` datetime NOT NULL DEFAULT '2024-01-01 00:00:00',
  `inputBy` varchar(50) NOT NULL DEFAULT '',
  `updateDate` datetime NOT NULL DEFAULT '2024-01-01 00:00:00',
  `updateBy` varchar(50) NOT NULL DEFAULT '',
  PRIMARY KEY (`id`) USING BTREE
) ENGINE=InnoDB DEFAULT CHARSET=utf16 COLLATE=utf16_bin;

-- Dumping data for table open_akunting.cash_bank_header: ~0 rows (approximately)
INSERT INTO `cash_bank_header` (`id`, `note`, `ref`, `accountId`, `journalDate`, `totalDebit`, `totalCredit`, `templateId`, `presence`, `inputDate`, `inputBy`, `updateDate`, `updateBy`) VALUES
	('CB000043', '', '', '', '2024-02-24', 6000000, 6000000, 'T000016', 1, '2024-02-23 19:21:18', '1a', '2024-02-23 19:21:18', '1a');

-- Dumping structure for table open_akunting.global_parameter
CREATE TABLE IF NOT EXISTS `global_parameter` (
  `id` int(11) NOT NULL AUTO_INCREMENT,
  `name` varchar(250) NOT NULL DEFAULT '',
  `value` varchar(250) NOT NULL DEFAULT '',
  `description` text NOT NULL DEFAULT '',
  `updateDate` datetime NOT NULL DEFAULT '2024-01-01 00:00:00',
  `updateBy` varchar(50) NOT NULL DEFAULT '',
  `inputDate` datetime NOT NULL DEFAULT '2024-01-01 00:00:00',
  `inputBy` varchar(50) NOT NULL DEFAULT '',
  PRIMARY KEY (`id`)
) ENGINE=InnoDB AUTO_INCREMENT=3 DEFAULT CHARSET=utf16 COLLATE=utf16_bin;

-- Dumping data for table open_akunting.global_parameter: ~2 rows (approximately)
INSERT INTO `global_parameter` (`id`, `name`, `value`, `description`, `updateDate`, `updateBy`, `inputDate`, `inputBy`) VALUES
	(1, 'Company  Name', 'Company Name', '', '2024-03-12 08:13:09', '', '2024-01-01 00:00:00', ''),
	(2, 'Company Address', 'Company Address, 	Company Address', '', '2024-03-12 08:13:09', '', '2024-01-01 00:00:00', '');

-- Dumping structure for table open_akunting.global_status
CREATE TABLE IF NOT EXISTS `global_status` (
  `id` int(11) NOT NULL AUTO_INCREMENT,
  `statusId` varchar(50) NOT NULL DEFAULT '',
  `name` varchar(50) NOT NULL DEFAULT '',
  `module` varchar(50) NOT NULL DEFAULT '',
  `presence` int(1) NOT NULL DEFAULT 1,
  PRIMARY KEY (`id`) USING BTREE
) ENGINE=InnoDB AUTO_INCREMENT=4 DEFAULT CHARSET=utf16 COLLATE=utf16_bin;

-- Dumping data for table open_akunting.global_status: ~2 rows (approximately)
INSERT INTO `global_status` (`id`, `statusId`, `name`, `module`, `presence`) VALUES
	(1, '0', 'Draft', 'apPayment', 1),
	(2, '4', 'Cancel', 'apPayment', 1),
	(3, '99', 'Paid', 'apPayment', 1);

-- Dumping structure for table open_akunting.journal
CREATE TABLE IF NOT EXISTS `journal` (
  `id` int(11) NOT NULL AUTO_INCREMENT,
  `journalId` varchar(50) NOT NULL DEFAULT '',
  `journalDate` date NOT NULL DEFAULT '2024-01-01',
  `outletId` varchar(250) NOT NULL DEFAULT '',
  `accountId` varchar(250) NOT NULL DEFAULT '',
  `description` varchar(250) NOT NULL DEFAULT '',
  `debit` double NOT NULL DEFAULT 0,
  `credit` double NOT NULL DEFAULT 0,
  `sorting` int(2) NOT NULL DEFAULT 1,
  `presence` int(1) NOT NULL DEFAULT 1,
  `inputDate` datetime NOT NULL DEFAULT '2024-01-01 00:00:00',
  `inputBy` varchar(50) NOT NULL DEFAULT '',
  `updateDate` datetime NOT NULL DEFAULT '2024-01-01 00:00:00',
  `updateBy` varchar(50) NOT NULL DEFAULT '',
  PRIMARY KEY (`id`) USING BTREE
) ENGINE=InnoDB AUTO_INCREMENT=1090 DEFAULT CHARSET=utf16 COLLATE=utf16_bin;

-- Dumping data for table open_akunting.journal: ~17 rows (approximately)
INSERT INTO `journal` (`id`, `journalId`, `journalDate`, `outletId`, `accountId`, `description`, `debit`, `credit`, `sorting`, `presence`, `inputDate`, `inputBy`, `updateDate`, `updateBy`) VALUES
	(1073, 'J000600', '2024-03-25', '', '2110.000.004', '', 6000000, 0, 1, 1, '2024-03-27 11:29:32', '1a', '2024-03-27 11:29:32', '1a'),
	(1074, 'J000600', '2024-03-25', '', '2110.000.004', '', 324000, 0, 1, 1, '2024-03-27 11:29:32', '1a', '2024-03-27 11:29:32', '1a'),
	(1075, 'J000600', '2024-03-25', '', '2110.000.004', '', 64400, 0, 1, 1, '2024-03-27 11:29:32', '1a', '2024-03-27 11:29:32', '1a'),
	(1076, 'J000600', '2024-03-25', '', '2110.000.004', '', 0, 0, 1, 1, '2024-03-27 11:29:32', '1a', '2024-03-27 11:29:32', '1a'),
	(1077, 'J000600', '2024-03-25', '', '2110.000.004', '', 64400, 0, 1, 1, '2024-03-27 11:29:32', '1a', '2024-03-27 11:29:32', '1a'),
	(1078, 'J000600', '2024-03-25', '', '2110.000.004', '', 0, 0, 1, 1, '2024-03-27 11:29:32', '1a', '2024-03-27 11:29:32', '1a'),
	(1079, 'J000600', '2024-03-25', '', '2110.000.004', '', 0, 0, 1, 1, '2024-03-27 11:29:32', '1a', '2024-03-27 11:29:32', '1a'),
	(1080, 'J000600', '2024-03-25', '', '1110.001.000', '', 40000, 0, 1, 1, '2024-03-27 11:29:32', '1a', '2024-03-27 11:29:32', '1a'),
	(1081, 'J000600', '2024-03-25', '', '1110.005.000', '', 35430, 0, 1, 1, '2024-03-27 11:29:32', '1a', '2024-03-27 11:29:32', '1a'),
	(1082, 'J000600', '2024-03-25', '', '1110.011.000', '', 35450, 0, 1, 1, '2024-03-27 11:29:32', '1a', '2024-03-27 11:29:32', '1a'),
	(1083, 'J000600', '2024-03-25', '', '1110.011.000', '', 35450, 0, 1, 1, '2024-03-27 11:29:32', '1a', '2024-03-27 11:29:32', '1a'),
	(1084, 'J000600', '2024-03-25', '', '1110.011.000', '', 0, 6599130, 1, 1, '2024-03-27 11:29:32', '1a', '2024-03-27 11:29:32', '1a'),
	(1085, 'J000601', '2024-03-27', '11', '1120.010.605', '', 6000000, 0, 1, 1, '2024-03-27 11:59:29', '1a', '2024-03-27 11:59:29', '1a'),
	(1086, 'J000601', '2024-03-27', '11', '6300.002.002', '', 0, 6000000, 1, 1, '2024-03-27 11:59:29', '1a', '2024-03-27 11:59:29', '1a'),
	(1087, 'J000602', '2024-03-27', '11', '6110.000.001', '', 6000000, 0, 1, 1, '2024-03-27 12:00:04', '1a', '2024-03-27 12:00:04', '1a'),
	(1088, 'J000602', '2024-03-27', '11', '6110.000.007', '', 6000000, 0, 1, 1, '2024-03-27 12:00:04', '1a', '2024-03-27 12:00:04', '1a'),
	(1089, 'J000602', '2024-03-27', '', '1110.001.000', 'Cash Bank', 0, 12000000, 1, 1, '2024-03-27 12:00:04', '1a', '2024-03-27 12:00:04', '1a');

-- Dumping structure for table open_akunting.journal_header
CREATE TABLE IF NOT EXISTS `journal_header` (
  `id` varchar(50) NOT NULL DEFAULT '',
  `note` varchar(250) NOT NULL DEFAULT '',
  `ref` varchar(50) NOT NULL DEFAULT '',
  `cashbank` int(1) NOT NULL DEFAULT 0,
  `ap` varchar(50) NOT NULL DEFAULT '',
  `ar` varchar(50) NOT NULL DEFAULT '',
  `journalDate` date NOT NULL DEFAULT '2024-01-01',
  `totalDebit` double NOT NULL DEFAULT 0,
  `totalCredit` double NOT NULL DEFAULT 0,
  `templateId` varchar(50) NOT NULL DEFAULT '',
  `presence` int(1) NOT NULL DEFAULT 1,
  `inputDate` datetime NOT NULL DEFAULT '2024-01-01 00:00:00',
  `inputBy` varchar(50) NOT NULL DEFAULT '',
  `updateDate` datetime NOT NULL DEFAULT '2024-01-01 00:00:00',
  `updateBy` varchar(50) NOT NULL DEFAULT '',
  PRIMARY KEY (`id`) USING BTREE
) ENGINE=InnoDB DEFAULT CHARSET=utf16 COLLATE=utf16_bin;

-- Dumping data for table open_akunting.journal_header: ~3 rows (approximately)
INSERT INTO `journal_header` (`id`, `note`, `ref`, `cashbank`, `ap`, `ar`, `journalDate`, `totalDebit`, `totalCredit`, `templateId`, `presence`, `inputDate`, `inputBy`, `updateDate`, `updateBy`) VALUES
	('J000600', '', '', 0, '000018', '', '2024-03-25', 6599130, 6599130, '', 1, '2024-03-27 11:29:32', '1a', '2024-03-27 11:29:32', '1a'),
	('J000601', '', '', 0, '', '', '2024-03-27', 6000000, 6000000, '', 1, '2024-03-27 11:59:29', '1a', '2024-03-27 11:59:29', '1a'),
	('J000602', '', '', 1, '', '', '2024-03-27', 12000000, 12000000, '', 1, '2024-03-27 12:00:04', '1a', '2024-03-27 12:00:04', '1a');

-- Dumping structure for table open_akunting.journal_template
CREATE TABLE IF NOT EXISTS `journal_template` (
  `id` int(11) NOT NULL AUTO_INCREMENT,
  `templateId` varchar(50) NOT NULL DEFAULT '',
  `JournalDate` date NOT NULL DEFAULT '2024-01-01',
  `outletId` varchar(250) NOT NULL DEFAULT '',
  `accountId` varchar(250) NOT NULL DEFAULT '',
  `description` varchar(250) NOT NULL DEFAULT '',
  `debit` double NOT NULL DEFAULT 0,
  `credit` double NOT NULL DEFAULT 0,
  `presence` int(1) NOT NULL DEFAULT 1,
  `inputDate` datetime NOT NULL DEFAULT '2024-01-01 00:00:00',
  `inputBy` varchar(50) NOT NULL DEFAULT '',
  `updateDate` datetime NOT NULL DEFAULT '2024-01-01 00:00:00',
  `updateBy` varchar(50) NOT NULL DEFAULT '',
  PRIMARY KEY (`id`) USING BTREE
) ENGINE=InnoDB AUTO_INCREMENT=355 DEFAULT CHARSET=utf16 COLLATE=utf16_bin;

-- Dumping data for table open_akunting.journal_template: ~14 rows (approximately)
INSERT INTO `journal_template` (`id`, `templateId`, `JournalDate`, `outletId`, `accountId`, `description`, `debit`, `credit`, `presence`, `inputDate`, `inputBy`, `updateDate`, `updateBy`) VALUES
	(335, 'T000022', '2024-01-01', '1', '1120.090.003', '', 1500000, 0, 1, '2024-03-08 17:53:39', '1a', '2024-03-08 17:53:39', '1a'),
	(336, 'T000022', '2024-01-01', '1', '1110.001.000', '', 600000, 0, 1, '2024-03-08 17:53:39', '1a', '2024-03-08 17:53:39', '1a'),
	(337, 'T000022', '2024-01-01', '1', '1120.090.003', '', 7000, 0, 1, '2024-03-08 17:53:39', '1a', '2024-03-08 17:53:39', '1a'),
	(338, 'T000022', '2024-01-01', '', '1110.001.000', '', 0, 2107000, 1, '2024-03-08 17:53:39', '1a', '2024-03-08 17:53:39', '1a'),
	(339, 'T000023', '2024-01-01', '1', '1120.090.003', '', 1500000, 0, 1, '2024-03-08 17:53:49', '1a', '2024-03-08 17:53:49', '1a'),
	(340, 'T000023', '2024-01-01', '1', '1110.001.000', '', 600000, 0, 1, '2024-03-08 17:53:49', '1a', '2024-03-08 17:53:49', '1a'),
	(341, 'T000023', '2024-01-01', '1', '1120.090.003', '', 7000, 0, 1, '2024-03-08 17:53:49', '1a', '2024-03-08 17:53:49', '1a'),
	(342, 'T000023', '2024-01-01', '', '1110.001.000', '', 0, 2107000, 1, '2024-03-08 17:53:49', '1a', '2024-03-08 17:53:49', '1a'),
	(343, 'T000024', '2024-01-01', '1', '1120.090.003', '', 1500000, 0, 1, '2024-03-08 17:54:02', '1a', '2024-03-08 17:54:02', '1a'),
	(344, 'T000024', '2024-01-01', '1', '1110.001.000', '', 600000, 0, 1, '2024-03-08 17:54:02', '1a', '2024-03-08 17:54:02', '1a'),
	(345, 'T000024', '2024-01-01', '1', '1120.090.003', '', 7000, 0, 1, '2024-03-08 17:54:02', '1a', '2024-03-08 17:54:02', '1a'),
	(352, 'T000021', '2024-01-01', '1', '1120.090.003', 'Description1', 1500000, 0, 1, '2024-03-08 18:02:43', '1a', '2024-03-08 18:02:43', '1a'),
	(353, 'T000021', '2024-01-01', '1', '1110.001.000', 'Description2', 600000, 0, 1, '2024-03-08 18:02:43', '1a', '2024-03-08 18:02:43', '1a'),
	(354, 'T000021', '2024-01-01', '', '1110.001.000', '', 0, 2100000, 1, '2024-03-08 18:02:43', '1a', '2024-03-08 18:02:43', '1a');

-- Dumping structure for table open_akunting.language
CREATE TABLE IF NOT EXISTS `language` (
  `id` int(11) NOT NULL AUTO_INCREMENT,
  `code` varchar(50) NOT NULL DEFAULT '0',
  `lang1` text NOT NULL,
  `lang2` text NOT NULL,
  PRIMARY KEY (`id`)
) ENGINE=InnoDB AUTO_INCREMENT=5 DEFAULT CHARSET=utf16 COLLATE=utf16_bin;

-- Dumping data for table open_akunting.language: ~0 rows (approximately)

-- Dumping structure for table open_akunting.module
CREATE TABLE IF NOT EXISTS `module` (
  `id` int(11) NOT NULL AUTO_INCREMENT,
  `name` varchar(50) DEFAULT NULL,
  `description` varchar(250) DEFAULT NULL,
  PRIMARY KEY (`id`)
) ENGINE=InnoDB AUTO_INCREMENT=2003 DEFAULT CHARSET=utf16 COLLATE=utf16_bin;

-- Dumping data for table open_akunting.module: ~5 rows (approximately)
INSERT INTO `module` (`id`, `name`, `description`) VALUES
	(110, 'Global Parameter', NULL),
	(120, 'Master Number', NULL),
	(130, 'Language', NULL),
	(1000, 'User', NULL),
	(2000, 'Chart Of Account', NULL);

-- Dumping structure for table open_akunting.outlet
CREATE TABLE IF NOT EXISTS `outlet` (
  `id` int(11) NOT NULL AUTO_INCREMENT,
  `branchId` int(11) NOT NULL DEFAULT 0,
  `name` varchar(250) NOT NULL DEFAULT '',
  `status` varchar(2) NOT NULL DEFAULT '1',
  `presence` int(1) NOT NULL DEFAULT 1,
  `inputDate` datetime NOT NULL DEFAULT '2024-01-01 00:00:00',
  `inputBy` varchar(50) NOT NULL DEFAULT '',
  `updateDate` datetime NOT NULL DEFAULT '2024-01-01 00:00:00',
  `updateBy` varchar(50) NOT NULL DEFAULT '',
  PRIMARY KEY (`id`) USING BTREE
) ENGINE=InnoDB AUTO_INCREMENT=13 DEFAULT CHARSET=utf16 COLLATE=utf16_bin;

-- Dumping data for table open_akunting.outlet: ~9 rows (approximately)
INSERT INTO `outlet` (`id`, `branchId`, `name`, `status`, `presence`, `inputDate`, `inputBy`, `updateDate`, `updateBy`) VALUES
	(1, 1, 'LT 1', '1', 1, '2024-01-01 00:00:00', '', '2024-02-29 10:16:49', '1a'),
	(2, 1, 'LT 3', '1', 1, '2024-01-01 00:00:00', '', '2024-02-29 10:16:49', '1a'),
	(3, 2, 'Lt GF F', '1', 1, '2024-01-01 00:00:00', '', '2024-01-01 00:00:00', ''),
	(4, 2, 'Central Park', '1', 1, '2024-01-01 00:00:00', '', '2024-02-29 10:13:58', '1a'),
	(5, 3, 'MGK', '1', 0, '2024-01-01 00:00:00', '', '2024-02-29 10:13:58', '1a'),
	(6, 3, 'Ruko 2', '1', 0, '2024-01-01 00:00:00', '', '2024-02-29 09:12:26', '1a'),
	(9, 1, '2b', '1', 0, '2024-02-29 10:06:52', '1a', '2024-02-29 10:10:21', '1a'),
	(10, 1, 'CC', '1', 0, '2024-02-29 10:07:08', '1a', '2024-02-29 10:09:44', '1a'),
	(11, 4, 'LT 2', '1', 1, '2024-02-29 10:18:34', '1a', '2024-02-29 10:18:34', '1a'),
	(12, 1, 'LT 5', '1', 1, '2024-02-29 11:06:20', '1a', '2024-02-29 11:06:20', '1a');

-- Dumping structure for table open_akunting.outlet_account
CREATE TABLE IF NOT EXISTS `outlet_account` (
  `id` int(11) NOT NULL AUTO_INCREMENT,
  `outletId` int(11) NOT NULL DEFAULT 0,
  `accountId` varchar(50) NOT NULL DEFAULT '',
  `status` varchar(2) NOT NULL DEFAULT '1',
  `presence` int(1) NOT NULL DEFAULT 1,
  `inputDate` datetime NOT NULL DEFAULT '2024-01-01 00:00:00',
  `inputBy` varchar(50) NOT NULL DEFAULT '',
  `updateDate` datetime NOT NULL DEFAULT '2024-01-01 00:00:00',
  `updateBy` varchar(50) NOT NULL DEFAULT '',
  PRIMARY KEY (`id`)
) ENGINE=InnoDB AUTO_INCREMENT=904 DEFAULT CHARSET=utf16 COLLATE=utf16_bin;

-- Dumping data for table open_akunting.outlet_account: ~420 rows (approximately)
INSERT INTO `outlet_account` (`id`, `outletId`, `accountId`, `status`, `presence`, `inputDate`, `inputBy`, `updateDate`, `updateBy`) VALUES
	(484, 1, '1110.001.000', '1', 1, '2024-02-29 17:45:53', '1a', '2024-02-29 17:46:15', '1a'),
	(485, 1, '1110.003.000', '1', 1, '2024-02-29 17:45:53', '1a', '2024-02-29 17:46:15', '1a'),
	(486, 1, '1110.005.000', '1', 1, '2024-02-29 17:45:53', '1a', '2024-02-29 17:46:15', '1a'),
	(487, 1, '1110.007.000', '1', 1, '2024-02-29 17:45:53', '1a', '2024-02-29 17:46:15', '1a'),
	(488, 1, '1110.009.000', '1', 1, '2024-02-29 17:45:53', '1a', '2024-02-29 17:46:15', '1a'),
	(489, 1, '1110.011.000', '1', 1, '2024-02-29 17:45:53', '1a', '2024-02-29 17:46:15', '1a'),
	(490, 1, '1110.015.000', '1', 1, '2024-02-29 17:45:53', '1a', '2024-02-29 17:46:15', '1a'),
	(491, 1, '1110.020.000', '1', 1, '2024-02-29 17:45:53', '1a', '2024-02-29 17:46:15', '1a'),
	(492, 1, '1110.021.000', '1', 1, '2024-02-29 17:45:53', '1a', '2024-02-29 17:46:15', '1a'),
	(493, 1, '1110.022.000', '1', 1, '2024-02-29 17:45:53', '1a', '2024-02-29 17:46:15', '1a'),
	(494, 1, '1120.000.001', '1', 1, '2024-02-29 17:45:53', '1a', '2024-02-29 17:46:15', '1a'),
	(495, 1, '1120.000.002', '1', 1, '2024-02-29 17:45:53', '1a', '2024-02-29 17:46:15', '1a'),
	(496, 1, '1120.009.000', '1', 1, '2024-02-29 17:45:53', '1a', '2024-02-29 17:46:15', '1a'),
	(497, 1, '1120.010.604', '1', 1, '2024-02-29 17:45:53', '1a', '2024-02-29 17:46:15', '1a'),
	(498, 1, '1120.010.605', '1', 1, '2024-02-29 17:45:53', '1a', '2024-02-29 17:46:15', '1a'),
	(499, 1, '1120.030.000', '1', 1, '2024-02-29 17:45:53', '1a', '2024-02-29 17:46:15', '1a'),
	(500, 1, '1120.090.001', '1', 1, '2024-02-29 17:45:53', '1a', '2024-02-29 17:46:15', '1a'),
	(501, 1, '1120.090.002', '1', 1, '2024-02-29 17:45:53', '1a', '2024-02-29 17:46:15', '1a'),
	(502, 1, '1120.090.003', '1', 1, '2024-02-29 17:45:53', '1a', '2024-02-29 17:46:15', '1a'),
	(503, 1, '1120.091.001', '1', 1, '2024-02-29 17:45:53', '1a', '2024-02-29 17:46:15', '1a'),
	(504, 1, '1120.091.002', '1', 1, '2024-02-29 17:45:53', '1a', '2024-02-29 17:46:15', '1a'),
	(505, 1, '1120.091.003', '1', 1, '2024-02-29 17:45:53', '1a', '2024-02-29 17:46:15', '1a'),
	(506, 1, '1120.091.004', '1', 1, '2024-02-29 17:45:53', '1a', '2024-02-29 17:46:15', '1a'),
	(507, 1, '1120.091.005', '1', 1, '2024-02-29 17:45:53', '1a', '2024-02-29 17:46:15', '1a'),
	(508, 1, '1120.091.006', '1', 1, '2024-02-29 17:45:53', '1a', '2024-02-29 17:46:15', '1a'),
	(509, 1, '1120.091.007', '1', 1, '2024-02-29 17:45:53', '1a', '2024-02-29 17:46:15', '1a'),
	(510, 1, '1120.091.008', '1', 1, '2024-02-29 17:45:53', '1a', '2024-02-29 17:46:15', '1a'),
	(511, 1, '1120.091.020', '1', 1, '2024-02-29 17:45:53', '1a', '2024-02-29 17:46:15', '1a'),
	(512, 1, '1130.001.000', '1', 1, '2024-02-29 17:45:53', '1a', '2024-02-29 17:46:15', '1a'),
	(513, 1, '1130.002.000', '1', 1, '2024-02-29 17:45:53', '1a', '2024-02-29 17:46:15', '1a'),
	(514, 1, '1130.003.000', '1', 1, '2024-02-29 17:45:53', '1a', '2024-02-29 17:46:15', '1a'),
	(515, 1, '1130.004.000', '1', 1, '2024-02-29 17:45:53', '1a', '2024-02-29 17:46:15', '1a'),
	(516, 1, '1130.005.000', '1', 1, '2024-02-29 17:45:53', '1a', '2024-02-29 17:46:15', '1a'),
	(517, 1, '1130.006.000', '1', 1, '2024-02-29 17:45:53', '1a', '2024-02-29 17:46:15', '1a'),
	(518, 1, '1130.007.000', '1', 1, '2024-02-29 17:45:53', '1a', '2024-02-29 17:46:15', '1a'),
	(519, 1, '1130.009.000', '1', 1, '2024-02-29 17:45:53', '1a', '2024-02-29 17:46:15', '1a'),
	(520, 1, '1140.001.000', '1', 1, '2024-02-29 17:45:53', '1a', '2024-02-29 17:46:15', '1a'),
	(521, 1, '1140.002.000', '1', 1, '2024-02-29 17:45:53', '1a', '2024-02-29 17:46:15', '1a'),
	(522, 1, '1140.003.000', '1', 1, '2024-02-29 17:45:53', '1a', '2024-02-29 17:46:15', '1a'),
	(523, 1, '1140.004.000', '1', 1, '2024-02-29 17:45:53', '1a', '2024-02-29 17:46:15', '1a'),
	(524, 1, '1150.001.000', '1', 1, '2024-02-29 17:45:53', '1a', '2024-02-29 17:46:15', '1a'),
	(525, 1, '1160.001.000', '1', 1, '2024-02-29 17:45:53', '1a', '2024-02-29 17:46:15', '1a'),
	(526, 1, '1160.002.000', '1', 1, '2024-02-29 17:45:53', '1a', '2024-02-29 17:46:15', '1a'),
	(527, 1, '1160.003.000', '1', 1, '2024-02-29 17:45:53', '1a', '2024-02-29 17:46:15', '1a'),
	(528, 1, '1160.004.000', '1', 1, '2024-02-29 17:45:53', '1a', '2024-02-29 17:46:15', '1a'),
	(529, 1, '1160.005.000', '1', 1, '2024-02-29 17:45:53', '1a', '2024-02-29 17:46:15', '1a'),
	(530, 1, '1160.006.000', '1', 1, '2024-02-29 17:45:53', '1a', '2024-02-29 17:46:15', '1a'),
	(531, 1, '1170.001.000', '1', 1, '2024-02-29 17:45:53', '1a', '2024-02-29 17:46:15', '1a'),
	(532, 1, '1170.002.000', '1', 1, '2024-02-29 17:45:53', '1a', '2024-02-29 17:46:15', '1a'),
	(533, 1, '1170.003.000', '1', 1, '2024-02-29 17:45:53', '1a', '2024-02-29 17:46:15', '1a'),
	(534, 1, '1170.004.000', '1', 1, '2024-02-29 17:45:53', '1a', '2024-02-29 17:46:15', '1a'),
	(535, 1, '1170.005.000', '1', 1, '2024-02-29 17:45:53', '1a', '2024-02-29 17:46:15', '1a'),
	(536, 1, '1170.006.000', '1', 1, '2024-02-29 17:45:54', '1a', '2024-02-29 17:46:15', '1a'),
	(537, 1, '1180.001.001', '1', 1, '2024-02-29 17:45:54', '1a', '2024-02-29 17:46:15', '1a'),
	(538, 1, '1181', '1', 1, '2024-02-29 17:45:54', '1a', '2024-02-29 17:46:15', '1a'),
	(539, 1, '1190-000.004', '1', 1, '2024-02-29 17:45:54', '1a', '2024-02-29 17:46:15', '1a'),
	(540, 1, '1190.000.001', '1', 1, '2024-02-29 17:45:54', '1a', '2024-02-29 17:46:15', '1a'),
	(541, 1, '1190.000.002', '1', 1, '2024-02-29 17:45:54', '1a', '2024-02-29 17:46:15', '1a'),
	(542, 1, '1190.000.003', '1', 1, '2024-02-29 17:45:54', '1a', '2024-02-29 17:46:15', '1a'),
	(543, 1, '1190.000.004', '1', 1, '2024-02-29 17:45:54', '1a', '2024-02-29 17:46:15', '1a'),
	(544, 1, '1190.001.001', '1', 1, '2024-02-29 17:45:54', '1a', '2024-02-29 17:46:15', '1a'),
	(545, 1, '1200.000.001', '1', 1, '2024-02-29 17:45:54', '1a', '2024-02-29 17:46:15', '1a'),
	(546, 1, '2110.000.001', '0', 1, '2024-02-29 17:45:54', '1a', '2024-02-29 17:46:15', '1a'),
	(547, 1, '2110.000.002', '0', 1, '2024-02-29 17:45:54', '1a', '2024-02-29 17:46:15', '1a'),
	(548, 1, '2110.000.003', '0', 1, '2024-02-29 17:45:54', '1a', '2024-02-29 17:46:15', '1a'),
	(549, 1, '2110.000.004', '0', 1, '2024-02-29 17:45:54', '1a', '2024-02-29 17:46:15', '1a'),
	(550, 1, '2110.000.005', '0', 1, '2024-02-29 17:45:54', '1a', '2024-02-29 17:46:15', '1a'),
	(551, 1, '2110.000.006', '0', 1, '2024-02-29 17:45:54', '1a', '2024-02-29 17:46:15', '1a'),
	(552, 1, '2110.000.007', '0', 1, '2024-02-29 17:45:54', '1a', '2024-02-29 17:46:15', '1a'),
	(553, 1, '2110.000.010', '0', 1, '2024-02-29 17:45:54', '1a', '2024-02-29 17:46:15', '1a'),
	(554, 1, '2120.000.001', '0', 1, '2024-02-29 17:45:54', '1a', '2024-02-29 17:46:15', '1a'),
	(555, 1, '2120.000.002', '0', 1, '2024-02-29 17:45:54', '1a', '2024-02-29 17:46:15', '1a'),
	(556, 1, '2120.000.003', '0', 1, '2024-02-29 17:45:54', '1a', '2024-02-29 17:46:15', '1a'),
	(557, 1, '2120.000.004', '0', 1, '2024-02-29 17:45:54', '1a', '2024-02-29 17:46:15', '1a'),
	(558, 1, '2120.000.005', '0', 1, '2024-02-29 17:45:54', '1a', '2024-02-29 17:46:15', '1a'),
	(559, 1, '2120.000.006', '0', 1, '2024-02-29 17:45:54', '1a', '2024-02-29 17:46:15', '1a'),
	(560, 1, '2120.000.007', '0', 1, '2024-02-29 17:45:54', '1a', '2024-02-29 17:46:15', '1a'),
	(561, 1, '2130', '0', 1, '2024-02-29 17:45:54', '1a', '2024-02-29 17:46:15', '1a'),
	(562, 1, '2140', '0', 1, '2024-02-29 17:45:54', '1a', '2024-02-29 17:46:15', '1a'),
	(563, 1, '3110.001.000', '0', 1, '2024-02-29 17:45:54', '1a', '2024-02-29 17:46:15', '1a'),
	(564, 1, '3110.002.000', '0', 1, '2024-02-29 17:45:54', '1a', '2024-02-29 17:46:15', '1a'),
	(565, 1, '3110.003.000', '0', 1, '2024-02-29 17:45:54', '1a', '2024-02-29 17:46:15', '1a'),
	(566, 1, '3110.004.000', '0', 1, '2024-02-29 17:45:54', '1a', '2024-02-29 17:46:15', '1a'),
	(567, 1, '3120.001.000', '0', 1, '2024-02-29 17:45:54', '1a', '2024-02-29 17:46:15', '1a'),
	(568, 1, '3120.002.000', '0', 1, '2024-02-29 17:45:54', '1a', '2024-02-29 17:46:15', '1a'),
	(569, 1, '3120.003.000', '0', 1, '2024-02-29 17:45:54', '1a', '2024-02-29 17:46:15', '1a'),
	(570, 1, '3120.004.000', '0', 1, '2024-02-29 17:45:54', '1a', '2024-02-29 17:46:15', '1a'),
	(571, 1, '3120.005.000', '0', 1, '2024-02-29 17:45:54', '1a', '2024-02-29 17:46:15', '1a'),
	(572, 1, '3120.006.000', '0', 1, '2024-02-29 17:45:54', '1a', '2024-02-29 17:46:15', '1a'),
	(573, 1, '4000.200.001', '0', 1, '2024-02-29 17:45:54', '1a', '2024-02-29 17:46:15', '1a'),
	(574, 1, '4111.001.001', '0', 1, '2024-02-29 17:45:54', '1a', '2024-02-29 17:46:15', '1a'),
	(575, 1, '4111.001.002', '0', 1, '2024-02-29 17:45:54', '1a', '2024-02-29 17:46:15', '1a'),
	(576, 1, '4111.001.003', '0', 1, '2024-02-29 17:45:54', '1a', '2024-02-29 17:46:15', '1a'),
	(577, 1, '4111.005.000', '0', 1, '2024-02-29 17:45:54', '1a', '2024-02-29 17:46:15', '1a'),
	(578, 1, '4113.002.001', '0', 1, '2024-02-29 17:45:54', '1a', '2024-02-29 17:46:15', '1a'),
	(579, 1, '5110.001', '0', 1, '2024-02-29 17:45:54', '1a', '2024-02-29 17:46:15', '1a'),
	(580, 1, '5111.001.001', '0', 1, '2024-02-29 17:45:54', '1a', '2024-02-29 17:46:15', '1a'),
	(581, 1, '5111.001.002', '0', 1, '2024-02-29 17:45:54', '1a', '2024-02-29 17:46:15', '1a'),
	(582, 1, '6110.000.001', '0', 1, '2024-02-29 17:45:54', '1a', '2024-02-29 17:46:15', '1a'),
	(583, 1, '6110.000.002', '0', 1, '2024-02-29 17:45:54', '1a', '2024-02-29 17:46:15', '1a'),
	(584, 1, '6110.000.003', '0', 1, '2024-02-29 17:45:54', '1a', '2024-02-29 17:46:15', '1a'),
	(585, 1, '6110.000.004', '0', 1, '2024-02-29 17:45:54', '1a', '2024-02-29 17:46:15', '1a'),
	(586, 1, '6110.000.005', '0', 1, '2024-02-29 17:45:54', '1a', '2024-02-29 17:46:15', '1a'),
	(587, 1, '6110.000.006', '0', 1, '2024-02-29 17:45:54', '1a', '2024-02-29 17:46:15', '1a'),
	(588, 1, '6110.000.007', '0', 1, '2024-02-29 17:45:54', '1a', '2024-02-29 17:46:15', '1a'),
	(589, 1, '6110.000.008', '0', 1, '2024-02-29 17:45:54', '1a', '2024-02-29 17:46:15', '1a'),
	(590, 1, '6110.000.009', '0', 1, '2024-02-29 17:45:54', '1a', '2024-02-29 17:46:15', '1a'),
	(591, 1, '6110.000.010', '0', 1, '2024-02-29 17:45:54', '1a', '2024-02-29 17:46:15', '1a'),
	(592, 1, '6110.000.011', '0', 1, '2024-02-29 17:45:54', '1a', '2024-02-29 17:46:15', '1a'),
	(593, 1, '6110.000.012', '0', 1, '2024-02-29 17:45:54', '1a', '2024-02-29 17:46:15', '1a'),
	(594, 1, '6110.000.013', '0', 1, '2024-02-29 17:45:54', '1a', '2024-02-29 17:46:15', '1a'),
	(595, 1, '6110.000.014', '0', 1, '2024-02-29 17:45:54', '1a', '2024-02-29 17:46:15', '1a'),
	(596, 1, '6110.000.015', '0', 1, '2024-02-29 17:45:54', '1a', '2024-02-29 17:46:15', '1a'),
	(597, 1, '6110.000.016', '0', 1, '2024-02-29 17:45:54', '1a', '2024-02-29 17:46:15', '1a'),
	(598, 1, '6110.000.017', '0', 1, '2024-02-29 17:45:54', '1a', '2024-02-29 17:46:15', '1a'),
	(599, 1, '6110.000.019', '0', 1, '2024-02-29 17:45:54', '1a', '2024-02-29 17:46:15', '1a'),
	(600, 1, '6110.000.020', '0', 1, '2024-02-29 17:45:54', '1a', '2024-02-29 17:46:15', '1a'),
	(601, 1, '6110.000.021', '0', 1, '2024-02-29 17:45:54', '1a', '2024-02-29 17:46:15', '1a'),
	(602, 1, '6110.000.022', '0', 1, '2024-02-29 17:45:54', '1a', '2024-02-29 17:46:15', '1a'),
	(603, 1, '6110.000.023', '0', 1, '2024-02-29 17:45:54', '1a', '2024-02-29 17:46:15', '1a'),
	(604, 1, '6111', '0', 1, '2024-02-29 17:45:54', '1a', '2024-02-29 17:46:15', '1a'),
	(605, 1, '6120.001.001', '0', 1, '2024-02-29 17:45:54', '1a', '2024-02-29 17:46:15', '1a'),
	(606, 1, '6120.001.002', '0', 1, '2024-02-29 17:45:54', '1a', '2024-02-29 17:46:15', '1a'),
	(607, 1, '6120.001.003', '0', 1, '2024-02-29 17:45:54', '1a', '2024-02-29 17:46:15', '1a'),
	(608, 1, '6120.001.004', '0', 1, '2024-02-29 17:45:54', '1a', '2024-02-29 17:46:15', '1a'),
	(609, 1, '6120.001.005', '0', 1, '2024-02-29 17:45:54', '1a', '2024-02-29 17:46:15', '1a'),
	(610, 1, '6120.001.006', '0', 1, '2024-02-29 17:45:54', '1a', '2024-02-29 17:46:15', '1a'),
	(611, 1, '6120.001.007', '0', 1, '2024-02-29 17:45:54', '1a', '2024-02-29 17:46:15', '1a'),
	(612, 1, '6200.001.001', '0', 1, '2024-02-29 17:45:54', '1a', '2024-02-29 17:46:15', '1a'),
	(613, 1, '6200.001.002', '0', 1, '2024-02-29 17:45:54', '1a', '2024-02-29 17:46:15', '1a'),
	(614, 1, '6200.001.003', '0', 1, '2024-02-29 17:45:54', '1a', '2024-02-29 17:46:15', '1a'),
	(615, 1, '6200.001.004.001', '0', 1, '2024-02-29 17:45:54', '1a', '2024-02-29 17:46:15', '1a'),
	(616, 1, '6300', '0', 1, '2024-02-29 17:45:54', '1a', '2024-02-29 17:46:15', '1a'),
	(617, 1, '6300.001.001', '0', 1, '2024-02-29 17:45:54', '1a', '2024-02-29 17:46:15', '1a'),
	(618, 1, '6300.002.001', '0', 1, '2024-02-29 17:45:54', '1a', '2024-02-29 17:46:15', '1a'),
	(619, 1, '6300.002.002', '0', 1, '2024-02-29 17:45:54', '1a', '2024-02-29 17:46:15', '1a'),
	(620, 1, '6300.002.003', '0', 1, '2024-02-29 17:45:54', '1a', '2024-02-29 17:46:15', '1a'),
	(621, 1, '7000.001.001', '0', 1, '2024-02-29 17:45:54', '1a', '2024-02-29 17:46:15', '1a'),
	(622, 1, '7000.001.002', '0', 1, '2024-02-29 17:45:54', '1a', '2024-02-29 17:46:15', '1a'),
	(623, 1, '7000.001.003', '0', 1, '2024-02-29 17:45:54', '1a', '2024-02-29 17:46:15', '1a'),
	(624, 2, '1110.001.000', '0', 1, '2024-02-29 17:56:35', '1a', '2024-02-29 17:56:35', '1a'),
	(625, 2, '1110.003.000', '0', 1, '2024-02-29 17:56:35', '1a', '2024-02-29 17:56:35', '1a'),
	(626, 2, '1110.005.000', '0', 1, '2024-02-29 17:56:35', '1a', '2024-02-29 17:56:35', '1a'),
	(627, 2, '1110.007.000', '0', 1, '2024-02-29 17:56:35', '1a', '2024-02-29 17:56:35', '1a'),
	(628, 2, '1110.009.000', '0', 1, '2024-02-29 17:56:35', '1a', '2024-02-29 17:56:35', '1a'),
	(629, 2, '1110.011.000', '0', 1, '2024-02-29 17:56:35', '1a', '2024-02-29 17:56:35', '1a'),
	(630, 2, '1110.015.000', '0', 1, '2024-02-29 17:56:35', '1a', '2024-02-29 17:56:35', '1a'),
	(631, 2, '1110.020.000', '0', 1, '2024-02-29 17:56:35', '1a', '2024-02-29 17:56:35', '1a'),
	(632, 2, '1110.021.000', '0', 1, '2024-02-29 17:56:35', '1a', '2024-02-29 17:56:35', '1a'),
	(633, 2, '1110.022.000', '0', 1, '2024-02-29 17:56:35', '1a', '2024-02-29 17:56:35', '1a'),
	(634, 2, '1120.000.001', '0', 1, '2024-02-29 17:56:35', '1a', '2024-02-29 17:56:35', '1a'),
	(635, 2, '1120.000.002', '0', 1, '2024-02-29 17:56:35', '1a', '2024-02-29 17:56:35', '1a'),
	(636, 2, '1120.009.000', '0', 1, '2024-02-29 17:56:35', '1a', '2024-02-29 17:56:35', '1a'),
	(637, 2, '1120.010.604', '0', 1, '2024-02-29 17:56:35', '1a', '2024-02-29 17:56:35', '1a'),
	(638, 2, '1120.010.605', '0', 1, '2024-02-29 17:56:35', '1a', '2024-02-29 17:56:35', '1a'),
	(639, 2, '1120.030.000', '0', 1, '2024-02-29 17:56:35', '1a', '2024-02-29 17:56:35', '1a'),
	(640, 2, '1120.090.001', '0', 1, '2024-02-29 17:56:35', '1a', '2024-02-29 17:56:35', '1a'),
	(641, 2, '1120.090.002', '0', 1, '2024-02-29 17:56:35', '1a', '2024-02-29 17:56:35', '1a'),
	(642, 2, '1120.090.003', '0', 1, '2024-02-29 17:56:35', '1a', '2024-02-29 17:56:35', '1a'),
	(643, 2, '1120.091.001', '0', 1, '2024-02-29 17:56:35', '1a', '2024-02-29 17:56:35', '1a'),
	(644, 2, '1120.091.002', '0', 1, '2024-02-29 17:56:35', '1a', '2024-02-29 17:56:35', '1a'),
	(645, 2, '1120.091.003', '0', 1, '2024-02-29 17:56:35', '1a', '2024-02-29 17:56:35', '1a'),
	(646, 2, '1120.091.004', '0', 1, '2024-02-29 17:56:35', '1a', '2024-02-29 17:56:35', '1a'),
	(647, 2, '1120.091.005', '0', 1, '2024-02-29 17:56:35', '1a', '2024-02-29 17:56:35', '1a'),
	(648, 2, '1120.091.006', '0', 1, '2024-02-29 17:56:35', '1a', '2024-02-29 17:56:35', '1a'),
	(649, 2, '1120.091.007', '0', 1, '2024-02-29 17:56:35', '1a', '2024-02-29 17:56:35', '1a'),
	(650, 2, '1120.091.008', '0', 1, '2024-02-29 17:56:35', '1a', '2024-02-29 17:56:35', '1a'),
	(651, 2, '1120.091.020', '0', 1, '2024-02-29 17:56:35', '1a', '2024-02-29 17:56:35', '1a'),
	(652, 2, '1130.001.000', '0', 1, '2024-02-29 17:56:35', '1a', '2024-02-29 17:56:35', '1a'),
	(653, 2, '1130.002.000', '0', 1, '2024-02-29 17:56:35', '1a', '2024-02-29 17:56:35', '1a'),
	(654, 2, '1130.003.000', '0', 1, '2024-02-29 17:56:35', '1a', '2024-02-29 17:56:35', '1a'),
	(655, 2, '1130.004.000', '0', 1, '2024-02-29 17:56:35', '1a', '2024-02-29 17:56:35', '1a'),
	(656, 2, '1130.005.000', '0', 1, '2024-02-29 17:56:35', '1a', '2024-02-29 17:56:35', '1a'),
	(657, 2, '1130.006.000', '0', 1, '2024-02-29 17:56:35', '1a', '2024-02-29 17:56:35', '1a'),
	(658, 2, '1130.007.000', '0', 1, '2024-02-29 17:56:35', '1a', '2024-02-29 17:56:35', '1a'),
	(659, 2, '1130.009.000', '0', 1, '2024-02-29 17:56:35', '1a', '2024-02-29 17:56:35', '1a'),
	(660, 2, '1140.001.000', '0', 1, '2024-02-29 17:56:35', '1a', '2024-02-29 17:56:35', '1a'),
	(661, 2, '1140.002.000', '0', 1, '2024-02-29 17:56:35', '1a', '2024-02-29 17:56:35', '1a'),
	(662, 2, '1140.003.000', '0', 1, '2024-02-29 17:56:35', '1a', '2024-02-29 17:56:35', '1a'),
	(663, 2, '1140.004.000', '0', 1, '2024-02-29 17:56:35', '1a', '2024-02-29 17:56:35', '1a'),
	(664, 2, '1150.001.000', '0', 1, '2024-02-29 17:56:35', '1a', '2024-02-29 17:56:35', '1a'),
	(665, 2, '1160.001.000', '0', 1, '2024-02-29 17:56:35', '1a', '2024-02-29 17:56:35', '1a'),
	(666, 2, '1160.002.000', '0', 1, '2024-02-29 17:56:35', '1a', '2024-02-29 17:56:35', '1a'),
	(667, 2, '1160.003.000', '0', 1, '2024-02-29 17:56:35', '1a', '2024-02-29 17:56:35', '1a'),
	(668, 2, '1160.004.000', '0', 1, '2024-02-29 17:56:35', '1a', '2024-02-29 17:56:35', '1a'),
	(669, 2, '1160.005.000', '0', 1, '2024-02-29 17:56:35', '1a', '2024-02-29 17:56:35', '1a'),
	(670, 2, '1160.006.000', '0', 1, '2024-02-29 17:56:35', '1a', '2024-02-29 17:56:35', '1a'),
	(671, 2, '1170.001.000', '0', 1, '2024-02-29 17:56:35', '1a', '2024-02-29 17:56:35', '1a'),
	(672, 2, '1170.002.000', '0', 1, '2024-02-29 17:56:35', '1a', '2024-02-29 17:56:35', '1a'),
	(673, 2, '1170.003.000', '0', 1, '2024-02-29 17:56:35', '1a', '2024-02-29 17:56:35', '1a'),
	(674, 2, '1170.004.000', '0', 1, '2024-02-29 17:56:35', '1a', '2024-02-29 17:56:35', '1a'),
	(675, 2, '1170.005.000', '0', 1, '2024-02-29 17:56:35', '1a', '2024-02-29 17:56:35', '1a'),
	(676, 2, '1170.006.000', '0', 1, '2024-02-29 17:56:35', '1a', '2024-02-29 17:56:35', '1a'),
	(677, 2, '1180.001.001', '0', 1, '2024-02-29 17:56:35', '1a', '2024-02-29 17:56:35', '1a'),
	(678, 2, '1181', '0', 1, '2024-02-29 17:56:35', '1a', '2024-02-29 17:56:35', '1a'),
	(679, 2, '1190-000.004', '0', 1, '2024-02-29 17:56:35', '1a', '2024-02-29 17:56:35', '1a'),
	(680, 2, '1190.000.001', '0', 1, '2024-02-29 17:56:35', '1a', '2024-02-29 17:56:35', '1a'),
	(681, 2, '1190.000.002', '0', 1, '2024-02-29 17:56:35', '1a', '2024-02-29 17:56:35', '1a'),
	(682, 2, '1190.000.003', '0', 1, '2024-02-29 17:56:35', '1a', '2024-02-29 17:56:35', '1a'),
	(683, 2, '1190.000.004', '0', 1, '2024-02-29 17:56:35', '1a', '2024-02-29 17:56:35', '1a'),
	(684, 2, '1190.001.001', '0', 1, '2024-02-29 17:56:35', '1a', '2024-02-29 17:56:35', '1a'),
	(685, 2, '1200.000.001', '0', 1, '2024-02-29 17:56:35', '1a', '2024-02-29 17:56:35', '1a'),
	(686, 2, '2110.000.001', '0', 1, '2024-02-29 17:56:35', '1a', '2024-02-29 17:56:35', '1a'),
	(687, 2, '2110.000.002', '0', 1, '2024-02-29 17:56:35', '1a', '2024-02-29 17:56:35', '1a'),
	(688, 2, '2110.000.003', '0', 1, '2024-02-29 17:56:35', '1a', '2024-02-29 17:56:35', '1a'),
	(689, 2, '2110.000.004', '0', 1, '2024-02-29 17:56:35', '1a', '2024-02-29 17:56:35', '1a'),
	(690, 2, '2110.000.005', '0', 1, '2024-02-29 17:56:35', '1a', '2024-02-29 17:56:35', '1a'),
	(691, 2, '2110.000.006', '0', 1, '2024-02-29 17:56:35', '1a', '2024-02-29 17:56:35', '1a'),
	(692, 2, '2110.000.007', '0', 1, '2024-02-29 17:56:35', '1a', '2024-02-29 17:56:35', '1a'),
	(693, 2, '2110.000.010', '0', 1, '2024-02-29 17:56:35', '1a', '2024-02-29 17:56:35', '1a'),
	(694, 2, '2120.000.001', '0', 1, '2024-02-29 17:56:35', '1a', '2024-02-29 17:56:35', '1a'),
	(695, 2, '2120.000.002', '0', 1, '2024-02-29 17:56:35', '1a', '2024-02-29 17:56:35', '1a'),
	(696, 2, '2120.000.003', '0', 1, '2024-02-29 17:56:35', '1a', '2024-02-29 17:56:35', '1a'),
	(697, 2, '2120.000.004', '0', 1, '2024-02-29 17:56:35', '1a', '2024-02-29 17:56:35', '1a'),
	(698, 2, '2120.000.005', '0', 1, '2024-02-29 17:56:35', '1a', '2024-02-29 17:56:35', '1a'),
	(699, 2, '2120.000.006', '0', 1, '2024-02-29 17:56:35', '1a', '2024-02-29 17:56:35', '1a'),
	(700, 2, '2120.000.007', '0', 1, '2024-02-29 17:56:35', '1a', '2024-02-29 17:56:35', '1a'),
	(701, 2, '2130', '0', 1, '2024-02-29 17:56:35', '1a', '2024-02-29 17:56:35', '1a'),
	(702, 2, '2140', '0', 1, '2024-02-29 17:56:35', '1a', '2024-02-29 17:56:35', '1a'),
	(703, 2, '3110.001.000', '0', 1, '2024-02-29 17:56:35', '1a', '2024-02-29 17:56:35', '1a'),
	(704, 2, '3110.002.000', '0', 1, '2024-02-29 17:56:35', '1a', '2024-02-29 17:56:35', '1a'),
	(705, 2, '3110.003.000', '0', 1, '2024-02-29 17:56:35', '1a', '2024-02-29 17:56:35', '1a'),
	(706, 2, '3110.004.000', '0', 1, '2024-02-29 17:56:35', '1a', '2024-02-29 17:56:35', '1a'),
	(707, 2, '3120.001.000', '0', 1, '2024-02-29 17:56:35', '1a', '2024-02-29 17:56:35', '1a'),
	(708, 2, '3120.002.000', '0', 1, '2024-02-29 17:56:35', '1a', '2024-02-29 17:56:35', '1a'),
	(709, 2, '3120.003.000', '0', 1, '2024-02-29 17:56:35', '1a', '2024-02-29 17:56:35', '1a'),
	(710, 2, '3120.004.000', '0', 1, '2024-02-29 17:56:35', '1a', '2024-02-29 17:56:35', '1a'),
	(711, 2, '3120.005.000', '0', 1, '2024-02-29 17:56:35', '1a', '2024-02-29 17:56:35', '1a'),
	(712, 2, '3120.006.000', '0', 1, '2024-02-29 17:56:35', '1a', '2024-02-29 17:56:35', '1a'),
	(713, 2, '4000.200.001', '0', 1, '2024-02-29 17:56:35', '1a', '2024-02-29 17:56:35', '1a'),
	(714, 2, '4111.001.001', '0', 1, '2024-02-29 17:56:35', '1a', '2024-02-29 17:56:35', '1a'),
	(715, 2, '4111.001.002', '0', 1, '2024-02-29 17:56:35', '1a', '2024-02-29 17:56:35', '1a'),
	(716, 2, '4111.001.003', '0', 1, '2024-02-29 17:56:35', '1a', '2024-02-29 17:56:35', '1a'),
	(717, 2, '4111.005.000', '0', 1, '2024-02-29 17:56:35', '1a', '2024-02-29 17:56:35', '1a'),
	(718, 2, '4113.002.001', '0', 1, '2024-02-29 17:56:35', '1a', '2024-02-29 17:56:35', '1a'),
	(719, 2, '5110.001', '0', 1, '2024-02-29 17:56:35', '1a', '2024-02-29 17:56:35', '1a'),
	(720, 2, '5111.001.001', '0', 1, '2024-02-29 17:56:35', '1a', '2024-02-29 17:56:35', '1a'),
	(721, 2, '5111.001.002', '0', 1, '2024-02-29 17:56:35', '1a', '2024-02-29 17:56:35', '1a'),
	(722, 2, '6110.000.001', '0', 1, '2024-02-29 17:56:35', '1a', '2024-02-29 17:56:35', '1a'),
	(723, 2, '6110.000.002', '0', 1, '2024-02-29 17:56:35', '1a', '2024-02-29 17:56:35', '1a'),
	(724, 2, '6110.000.003', '0', 1, '2024-02-29 17:56:35', '1a', '2024-02-29 17:56:35', '1a'),
	(725, 2, '6110.000.004', '0', 1, '2024-02-29 17:56:35', '1a', '2024-02-29 17:56:35', '1a'),
	(726, 2, '6110.000.005', '0', 1, '2024-02-29 17:56:35', '1a', '2024-02-29 17:56:35', '1a'),
	(727, 2, '6110.000.006', '0', 1, '2024-02-29 17:56:35', '1a', '2024-02-29 17:56:35', '1a'),
	(728, 2, '6110.000.007', '0', 1, '2024-02-29 17:56:35', '1a', '2024-02-29 17:56:35', '1a'),
	(729, 2, '6110.000.008', '0', 1, '2024-02-29 17:56:35', '1a', '2024-02-29 17:56:35', '1a'),
	(730, 2, '6110.000.009', '0', 1, '2024-02-29 17:56:35', '1a', '2024-02-29 17:56:35', '1a'),
	(731, 2, '6110.000.010', '0', 1, '2024-02-29 17:56:35', '1a', '2024-02-29 17:56:35', '1a'),
	(732, 2, '6110.000.011', '0', 1, '2024-02-29 17:56:35', '1a', '2024-02-29 17:56:35', '1a'),
	(733, 2, '6110.000.012', '0', 1, '2024-02-29 17:56:35', '1a', '2024-02-29 17:56:35', '1a'),
	(734, 2, '6110.000.013', '0', 1, '2024-02-29 17:56:35', '1a', '2024-02-29 17:56:35', '1a'),
	(735, 2, '6110.000.014', '0', 1, '2024-02-29 17:56:35', '1a', '2024-02-29 17:56:35', '1a'),
	(736, 2, '6110.000.015', '0', 1, '2024-02-29 17:56:35', '1a', '2024-02-29 17:56:35', '1a'),
	(737, 2, '6110.000.016', '0', 1, '2024-02-29 17:56:35', '1a', '2024-02-29 17:56:35', '1a'),
	(738, 2, '6110.000.017', '0', 1, '2024-02-29 17:56:35', '1a', '2024-02-29 17:56:35', '1a'),
	(739, 2, '6110.000.019', '0', 1, '2024-02-29 17:56:35', '1a', '2024-02-29 17:56:35', '1a'),
	(740, 2, '6110.000.020', '0', 1, '2024-02-29 17:56:35', '1a', '2024-02-29 17:56:35', '1a'),
	(741, 2, '6110.000.021', '0', 1, '2024-02-29 17:56:35', '1a', '2024-02-29 17:56:35', '1a'),
	(742, 2, '6110.000.022', '0', 1, '2024-02-29 17:56:35', '1a', '2024-02-29 17:56:35', '1a'),
	(743, 2, '6110.000.023', '0', 1, '2024-02-29 17:56:35', '1a', '2024-02-29 17:56:35', '1a'),
	(744, 2, '6111', '0', 1, '2024-02-29 17:56:35', '1a', '2024-02-29 17:56:35', '1a'),
	(745, 2, '6120.001.001', '0', 1, '2024-02-29 17:56:35', '1a', '2024-02-29 17:56:35', '1a'),
	(746, 2, '6120.001.002', '0', 1, '2024-02-29 17:56:35', '1a', '2024-02-29 17:56:35', '1a'),
	(747, 2, '6120.001.003', '0', 1, '2024-02-29 17:56:35', '1a', '2024-02-29 17:56:35', '1a'),
	(748, 2, '6120.001.004', '0', 1, '2024-02-29 17:56:35', '1a', '2024-02-29 17:56:35', '1a'),
	(749, 2, '6120.001.005', '0', 1, '2024-02-29 17:56:35', '1a', '2024-02-29 17:56:35', '1a'),
	(750, 2, '6120.001.006', '0', 1, '2024-02-29 17:56:35', '1a', '2024-02-29 17:56:35', '1a'),
	(751, 2, '6120.001.007', '0', 1, '2024-02-29 17:56:35', '1a', '2024-02-29 17:56:35', '1a'),
	(752, 2, '6200.001.001', '0', 1, '2024-02-29 17:56:35', '1a', '2024-02-29 17:56:35', '1a'),
	(753, 2, '6200.001.002', '0', 1, '2024-02-29 17:56:35', '1a', '2024-02-29 17:56:35', '1a'),
	(754, 2, '6200.001.003', '0', 1, '2024-02-29 17:56:35', '1a', '2024-02-29 17:56:35', '1a'),
	(755, 2, '6200.001.004.001', '0', 1, '2024-02-29 17:56:35', '1a', '2024-02-29 17:56:35', '1a'),
	(756, 2, '6300', '0', 1, '2024-02-29 17:56:35', '1a', '2024-02-29 17:56:35', '1a'),
	(757, 2, '6300.001.001', '0', 1, '2024-02-29 17:56:35', '1a', '2024-02-29 17:56:35', '1a'),
	(758, 2, '6300.002.001', '0', 1, '2024-02-29 17:56:35', '1a', '2024-02-29 17:56:35', '1a'),
	(759, 2, '6300.002.002', '0', 1, '2024-02-29 17:56:35', '1a', '2024-02-29 17:56:35', '1a'),
	(760, 2, '6300.002.003', '0', 1, '2024-02-29 17:56:35', '1a', '2024-02-29 17:56:35', '1a'),
	(761, 2, '7000.001.001', '1', 1, '2024-02-29 17:56:35', '1a', '2024-02-29 17:56:35', '1a'),
	(762, 2, '7000.001.002', '1', 1, '2024-02-29 17:56:35', '1a', '2024-02-29 17:56:35', '1a'),
	(763, 2, '7000.001.003', '1', 1, '2024-02-29 17:56:35', '1a', '2024-02-29 17:56:35', '1a'),
	(764, 11, '1110.001.000', '1', 1, '2024-03-11 17:46:40', '1a', '2024-03-11 17:46:40', '1a'),
	(765, 11, '1110.003.000', '1', 1, '2024-03-11 17:46:40', '1a', '2024-03-11 17:46:40', '1a'),
	(766, 11, '1110.005.000', '1', 1, '2024-03-11 17:46:40', '1a', '2024-03-11 17:46:40', '1a'),
	(767, 11, '1110.007.000', '1', 1, '2024-03-11 17:46:40', '1a', '2024-03-11 17:46:40', '1a'),
	(768, 11, '1110.009.000', '1', 1, '2024-03-11 17:46:40', '1a', '2024-03-11 17:46:40', '1a'),
	(769, 11, '1110.011.000', '1', 1, '2024-03-11 17:46:40', '1a', '2024-03-11 17:46:40', '1a'),
	(770, 11, '1110.015.000', '1', 1, '2024-03-11 17:46:40', '1a', '2024-03-11 17:46:40', '1a'),
	(771, 11, '1110.020.000', '1', 1, '2024-03-11 17:46:40', '1a', '2024-03-11 17:46:40', '1a'),
	(772, 11, '1110.021.000', '1', 1, '2024-03-11 17:46:40', '1a', '2024-03-11 17:46:40', '1a'),
	(773, 11, '1110.022.000', '1', 1, '2024-03-11 17:46:40', '1a', '2024-03-11 17:46:40', '1a'),
	(774, 11, '1120.000.001', '1', 1, '2024-03-11 17:46:40', '1a', '2024-03-11 17:46:40', '1a'),
	(775, 11, '1120.000.002', '1', 1, '2024-03-11 17:46:40', '1a', '2024-03-11 17:46:40', '1a'),
	(776, 11, '1120.009.000', '1', 1, '2024-03-11 17:46:40', '1a', '2024-03-11 17:46:40', '1a'),
	(777, 11, '1120.010.604', '1', 1, '2024-03-11 17:46:40', '1a', '2024-03-11 17:46:40', '1a'),
	(778, 11, '1120.010.605', '1', 1, '2024-03-11 17:46:40', '1a', '2024-03-11 17:46:40', '1a'),
	(779, 11, '1120.030.000', '1', 1, '2024-03-11 17:46:40', '1a', '2024-03-11 17:46:40', '1a'),
	(780, 11, '1120.090.001', '1', 1, '2024-03-11 17:46:40', '1a', '2024-03-11 17:46:40', '1a'),
	(781, 11, '1120.090.002', '1', 1, '2024-03-11 17:46:40', '1a', '2024-03-11 17:46:40', '1a'),
	(782, 11, '1120.090.003', '1', 1, '2024-03-11 17:46:40', '1a', '2024-03-11 17:46:40', '1a'),
	(783, 11, '1120.091.001', '1', 1, '2024-03-11 17:46:40', '1a', '2024-03-11 17:46:40', '1a'),
	(784, 11, '1120.091.002', '1', 1, '2024-03-11 17:46:40', '1a', '2024-03-11 17:46:40', '1a'),
	(785, 11, '1120.091.003', '1', 1, '2024-03-11 17:46:41', '1a', '2024-03-11 17:46:41', '1a'),
	(786, 11, '1120.091.004', '1', 1, '2024-03-11 17:46:41', '1a', '2024-03-11 17:46:41', '1a'),
	(787, 11, '1120.091.005', '1', 1, '2024-03-11 17:46:41', '1a', '2024-03-11 17:46:41', '1a'),
	(788, 11, '1120.091.006', '1', 1, '2024-03-11 17:46:41', '1a', '2024-03-11 17:46:41', '1a'),
	(789, 11, '1120.091.007', '1', 1, '2024-03-11 17:46:41', '1a', '2024-03-11 17:46:41', '1a'),
	(790, 11, '1120.091.008', '1', 1, '2024-03-11 17:46:41', '1a', '2024-03-11 17:46:41', '1a'),
	(791, 11, '1120.091.020', '1', 1, '2024-03-11 17:46:41', '1a', '2024-03-11 17:46:41', '1a'),
	(792, 11, '1130.001.000', '1', 1, '2024-03-11 17:46:41', '1a', '2024-03-11 17:46:41', '1a'),
	(793, 11, '1130.002.000', '1', 1, '2024-03-11 17:46:41', '1a', '2024-03-11 17:46:41', '1a'),
	(794, 11, '1130.003.000', '1', 1, '2024-03-11 17:46:41', '1a', '2024-03-11 17:46:41', '1a'),
	(795, 11, '1130.004.000', '1', 1, '2024-03-11 17:46:41', '1a', '2024-03-11 17:46:41', '1a'),
	(796, 11, '1130.005.000', '1', 1, '2024-03-11 17:46:41', '1a', '2024-03-11 17:46:41', '1a'),
	(797, 11, '1130.006.000', '1', 1, '2024-03-11 17:46:41', '1a', '2024-03-11 17:46:41', '1a'),
	(798, 11, '1130.007.000', '1', 1, '2024-03-11 17:46:41', '1a', '2024-03-11 17:46:41', '1a'),
	(799, 11, '1130.009.000', '1', 1, '2024-03-11 17:46:41', '1a', '2024-03-11 17:46:41', '1a'),
	(800, 11, '1140.001.000', '1', 1, '2024-03-11 17:46:41', '1a', '2024-03-11 17:46:41', '1a'),
	(801, 11, '1140.002.000', '1', 1, '2024-03-11 17:46:41', '1a', '2024-03-11 17:46:41', '1a'),
	(802, 11, '1140.003.000', '1', 1, '2024-03-11 17:46:41', '1a', '2024-03-11 17:46:41', '1a'),
	(803, 11, '1140.004.000', '1', 1, '2024-03-11 17:46:41', '1a', '2024-03-11 17:46:41', '1a'),
	(804, 11, '1150.001.000', '1', 1, '2024-03-11 17:46:41', '1a', '2024-03-11 17:46:41', '1a'),
	(805, 11, '1160.001.000', '1', 1, '2024-03-11 17:46:41', '1a', '2024-03-11 17:46:41', '1a'),
	(806, 11, '1160.002.000', '1', 1, '2024-03-11 17:46:41', '1a', '2024-03-11 17:46:41', '1a'),
	(807, 11, '1160.003.000', '1', 1, '2024-03-11 17:46:41', '1a', '2024-03-11 17:46:41', '1a'),
	(808, 11, '1160.004.000', '1', 1, '2024-03-11 17:46:41', '1a', '2024-03-11 17:46:41', '1a'),
	(809, 11, '1160.005.000', '1', 1, '2024-03-11 17:46:41', '1a', '2024-03-11 17:46:41', '1a'),
	(810, 11, '1160.006.000', '1', 1, '2024-03-11 17:46:41', '1a', '2024-03-11 17:46:41', '1a'),
	(811, 11, '1170.001.000', '1', 1, '2024-03-11 17:46:41', '1a', '2024-03-11 17:46:41', '1a'),
	(812, 11, '1170.002.000', '1', 1, '2024-03-11 17:46:41', '1a', '2024-03-11 17:46:41', '1a'),
	(813, 11, '1170.003.000', '1', 1, '2024-03-11 17:46:41', '1a', '2024-03-11 17:46:41', '1a'),
	(814, 11, '1170.004.000', '1', 1, '2024-03-11 17:46:41', '1a', '2024-03-11 17:46:41', '1a'),
	(815, 11, '1170.005.000', '1', 1, '2024-03-11 17:46:41', '1a', '2024-03-11 17:46:41', '1a'),
	(816, 11, '1170.006.000', '1', 1, '2024-03-11 17:46:41', '1a', '2024-03-11 17:46:41', '1a'),
	(817, 11, '1180.001.001', '1', 1, '2024-03-11 17:46:41', '1a', '2024-03-11 17:46:41', '1a'),
	(818, 11, '1181', '1', 1, '2024-03-11 17:46:41', '1a', '2024-03-11 17:46:41', '1a'),
	(819, 11, '1190-000.004', '1', 1, '2024-03-11 17:46:41', '1a', '2024-03-11 17:46:41', '1a'),
	(820, 11, '1190.000.001', '1', 1, '2024-03-11 17:46:41', '1a', '2024-03-11 17:46:41', '1a'),
	(821, 11, '1190.000.002', '1', 1, '2024-03-11 17:46:41', '1a', '2024-03-11 17:46:41', '1a'),
	(822, 11, '1190.000.003', '1', 1, '2024-03-11 17:46:41', '1a', '2024-03-11 17:46:41', '1a'),
	(823, 11, '1190.000.004', '1', 1, '2024-03-11 17:46:41', '1a', '2024-03-11 17:46:41', '1a'),
	(824, 11, '1190.001.001', '1', 1, '2024-03-11 17:46:41', '1a', '2024-03-11 17:46:41', '1a'),
	(825, 11, '1200.000.001', '1', 1, '2024-03-11 17:46:41', '1a', '2024-03-11 17:46:41', '1a'),
	(826, 11, '2110.000.001', '1', 1, '2024-03-11 17:46:41', '1a', '2024-03-11 17:46:41', '1a'),
	(827, 11, '2110.000.002', '1', 1, '2024-03-11 17:46:41', '1a', '2024-03-11 17:46:41', '1a'),
	(828, 11, '2110.000.003', '1', 1, '2024-03-11 17:46:41', '1a', '2024-03-11 17:46:41', '1a'),
	(829, 11, '2110.000.004', '1', 1, '2024-03-11 17:46:41', '1a', '2024-03-11 17:46:41', '1a'),
	(830, 11, '2110.000.005', '1', 1, '2024-03-11 17:46:41', '1a', '2024-03-11 17:46:41', '1a'),
	(831, 11, '2110.000.006', '1', 1, '2024-03-11 17:46:41', '1a', '2024-03-11 17:46:41', '1a'),
	(832, 11, '2110.000.007', '1', 1, '2024-03-11 17:46:41', '1a', '2024-03-11 17:46:41', '1a'),
	(833, 11, '2110.000.010', '1', 1, '2024-03-11 17:46:41', '1a', '2024-03-11 17:46:41', '1a'),
	(834, 11, '2120.000.001', '1', 1, '2024-03-11 17:46:41', '1a', '2024-03-11 17:46:41', '1a'),
	(835, 11, '2120.000.002', '1', 1, '2024-03-11 17:46:41', '1a', '2024-03-11 17:46:41', '1a'),
	(836, 11, '2120.000.003', '1', 1, '2024-03-11 17:46:41', '1a', '2024-03-11 17:46:41', '1a'),
	(837, 11, '2120.000.004', '1', 1, '2024-03-11 17:46:41', '1a', '2024-03-11 17:46:41', '1a'),
	(838, 11, '2120.000.005', '1', 1, '2024-03-11 17:46:41', '1a', '2024-03-11 17:46:41', '1a'),
	(839, 11, '2120.000.006', '1', 1, '2024-03-11 17:46:41', '1a', '2024-03-11 17:46:41', '1a'),
	(840, 11, '2120.000.007', '1', 1, '2024-03-11 17:46:41', '1a', '2024-03-11 17:46:41', '1a'),
	(841, 11, '2130', '1', 1, '2024-03-11 17:46:41', '1a', '2024-03-11 17:46:41', '1a'),
	(842, 11, '2140', '1', 1, '2024-03-11 17:46:41', '1a', '2024-03-11 17:46:41', '1a'),
	(843, 11, '3110.001.000', '1', 1, '2024-03-11 17:46:41', '1a', '2024-03-11 17:46:41', '1a'),
	(844, 11, '3110.002.000', '1', 1, '2024-03-11 17:46:41', '1a', '2024-03-11 17:46:41', '1a'),
	(845, 11, '3110.003.000', '1', 1, '2024-03-11 17:46:41', '1a', '2024-03-11 17:46:41', '1a'),
	(846, 11, '3110.004.000', '1', 1, '2024-03-11 17:46:41', '1a', '2024-03-11 17:46:41', '1a'),
	(847, 11, '3120.001.000', '1', 1, '2024-03-11 17:46:41', '1a', '2024-03-11 17:46:41', '1a'),
	(848, 11, '3120.002.000', '1', 1, '2024-03-11 17:46:41', '1a', '2024-03-11 17:46:41', '1a'),
	(849, 11, '3120.003.000', '1', 1, '2024-03-11 17:46:41', '1a', '2024-03-11 17:46:41', '1a'),
	(850, 11, '3120.004.000', '1', 1, '2024-03-11 17:46:41', '1a', '2024-03-11 17:46:41', '1a'),
	(851, 11, '3120.005.000', '1', 1, '2024-03-11 17:46:41', '1a', '2024-03-11 17:46:41', '1a'),
	(852, 11, '3120.006.000', '1', 1, '2024-03-11 17:46:41', '1a', '2024-03-11 17:46:41', '1a'),
	(853, 11, '4000.200.001', '1', 1, '2024-03-11 17:46:41', '1a', '2024-03-11 17:46:41', '1a'),
	(854, 11, '4111.001.001', '1', 1, '2024-03-11 17:46:41', '1a', '2024-03-11 17:46:41', '1a'),
	(855, 11, '4111.001.002', '1', 1, '2024-03-11 17:46:41', '1a', '2024-03-11 17:46:41', '1a'),
	(856, 11, '4111.001.003', '1', 1, '2024-03-11 17:46:41', '1a', '2024-03-11 17:46:41', '1a'),
	(857, 11, '4111.005.000', '1', 1, '2024-03-11 17:46:41', '1a', '2024-03-11 17:46:41', '1a'),
	(858, 11, '4113.002.001', '1', 1, '2024-03-11 17:46:41', '1a', '2024-03-11 17:46:41', '1a'),
	(859, 11, '5110.001', '0', 1, '2024-03-11 17:46:41', '1a', '2024-03-11 17:46:41', '1a'),
	(860, 11, '5111.001.001', '0', 1, '2024-03-11 17:46:41', '1a', '2024-03-11 17:46:41', '1a'),
	(861, 11, '5111.001.002', '0', 1, '2024-03-11 17:46:41', '1a', '2024-03-11 17:46:41', '1a'),
	(862, 11, '6110.000.001', '1', 1, '2024-03-11 17:46:41', '1a', '2024-03-11 17:46:41', '1a'),
	(863, 11, '6110.000.002', '1', 1, '2024-03-11 17:46:41', '1a', '2024-03-11 17:46:41', '1a'),
	(864, 11, '6110.000.003', '1', 1, '2024-03-11 17:46:41', '1a', '2024-03-11 17:46:41', '1a'),
	(865, 11, '6110.000.004', '1', 1, '2024-03-11 17:46:41', '1a', '2024-03-11 17:46:41', '1a'),
	(866, 11, '6110.000.005', '1', 1, '2024-03-11 17:46:41', '1a', '2024-03-11 17:46:41', '1a'),
	(867, 11, '6110.000.006', '1', 1, '2024-03-11 17:46:41', '1a', '2024-03-11 17:46:41', '1a'),
	(868, 11, '6110.000.007', '1', 1, '2024-03-11 17:46:41', '1a', '2024-03-11 17:46:41', '1a'),
	(869, 11, '6110.000.008', '1', 1, '2024-03-11 17:46:41', '1a', '2024-03-11 17:46:41', '1a'),
	(870, 11, '6110.000.009', '1', 1, '2024-03-11 17:46:41', '1a', '2024-03-11 17:46:41', '1a'),
	(871, 11, '6110.000.010', '1', 1, '2024-03-11 17:46:41', '1a', '2024-03-11 17:46:41', '1a'),
	(872, 11, '6110.000.011', '1', 1, '2024-03-11 17:46:41', '1a', '2024-03-11 17:46:41', '1a'),
	(873, 11, '6110.000.012', '1', 1, '2024-03-11 17:46:41', '1a', '2024-03-11 17:46:41', '1a'),
	(874, 11, '6110.000.013', '1', 1, '2024-03-11 17:46:41', '1a', '2024-03-11 17:46:41', '1a'),
	(875, 11, '6110.000.014', '1', 1, '2024-03-11 17:46:41', '1a', '2024-03-11 17:46:41', '1a'),
	(876, 11, '6110.000.015', '1', 1, '2024-03-11 17:46:41', '1a', '2024-03-11 17:46:41', '1a'),
	(877, 11, '6110.000.016', '1', 1, '2024-03-11 17:46:41', '1a', '2024-03-11 17:46:41', '1a'),
	(878, 11, '6110.000.017', '1', 1, '2024-03-11 17:46:41', '1a', '2024-03-11 17:46:41', '1a'),
	(879, 11, '6110.000.019', '1', 1, '2024-03-11 17:46:41', '1a', '2024-03-11 17:46:41', '1a'),
	(880, 11, '6110.000.020', '1', 1, '2024-03-11 17:46:41', '1a', '2024-03-11 17:46:41', '1a'),
	(881, 11, '6110.000.021', '1', 1, '2024-03-11 17:46:41', '1a', '2024-03-11 17:46:41', '1a'),
	(882, 11, '6110.000.022', '1', 1, '2024-03-11 17:46:41', '1a', '2024-03-11 17:46:41', '1a'),
	(883, 11, '6110.000.023', '1', 1, '2024-03-11 17:46:41', '1a', '2024-03-11 17:46:41', '1a'),
	(884, 11, '6111', '1', 1, '2024-03-11 17:46:41', '1a', '2024-03-11 17:46:41', '1a'),
	(885, 11, '6120.001.001', '1', 1, '2024-03-11 17:46:41', '1a', '2024-03-11 17:46:41', '1a'),
	(886, 11, '6120.001.002', '1', 1, '2024-03-11 17:46:41', '1a', '2024-03-11 17:46:41', '1a'),
	(887, 11, '6120.001.003', '1', 1, '2024-03-11 17:46:41', '1a', '2024-03-11 17:46:41', '1a'),
	(888, 11, '6120.001.004', '1', 1, '2024-03-11 17:46:41', '1a', '2024-03-11 17:46:41', '1a'),
	(889, 11, '6120.001.005', '1', 1, '2024-03-11 17:46:41', '1a', '2024-03-11 17:46:41', '1a'),
	(890, 11, '6120.001.006', '1', 1, '2024-03-11 17:46:41', '1a', '2024-03-11 17:46:41', '1a'),
	(891, 11, '6120.001.007', '1', 1, '2024-03-11 17:46:41', '1a', '2024-03-11 17:46:41', '1a'),
	(892, 11, '6200.001.001', '1', 1, '2024-03-11 17:46:41', '1a', '2024-03-11 17:46:41', '1a'),
	(893, 11, '6200.001.002', '1', 1, '2024-03-11 17:46:41', '1a', '2024-03-11 17:46:41', '1a'),
	(894, 11, '6200.001.003', '1', 1, '2024-03-11 17:46:41', '1a', '2024-03-11 17:46:41', '1a'),
	(895, 11, '6200.001.004.001', '1', 1, '2024-03-11 17:46:41', '1a', '2024-03-11 17:46:41', '1a'),
	(896, 11, '6300', '1', 1, '2024-03-11 17:46:41', '1a', '2024-03-11 17:46:41', '1a'),
	(897, 11, '6300.001.001', '1', 1, '2024-03-11 17:46:41', '1a', '2024-03-11 17:46:41', '1a'),
	(898, 11, '6300.002.001', '1', 1, '2024-03-11 17:46:41', '1a', '2024-03-11 17:46:41', '1a'),
	(899, 11, '6300.002.002', '1', 1, '2024-03-11 17:46:41', '1a', '2024-03-11 17:46:41', '1a'),
	(900, 11, '6300.002.003', '1', 1, '2024-03-11 17:46:41', '1a', '2024-03-11 17:46:41', '1a'),
	(901, 11, '7000.001.001', '0', 1, '2024-03-11 17:46:41', '1a', '2024-03-11 17:46:41', '1a'),
	(902, 11, '7000.001.002', '0', 1, '2024-03-11 17:46:41', '1a', '2024-03-11 17:46:41', '1a'),
	(903, 11, '7000.001.003', '0', 1, '2024-03-11 17:46:41', '1a', '2024-03-11 17:46:41', '1a');

-- Dumping structure for table open_akunting.supplier
CREATE TABLE IF NOT EXISTS `supplier` (
  `id` varchar(50) NOT NULL DEFAULT '',
  `name` varchar(50) NOT NULL DEFAULT '',
  `accountId` varchar(50) NOT NULL DEFAULT '',
  `presence` int(1) NOT NULL DEFAULT 1,
  PRIMARY KEY (`id`)
) ENGINE=InnoDB DEFAULT CHARSET=utf16 COLLATE=utf16_bin;

-- Dumping data for table open_akunting.supplier: ~1 rows (approximately)
INSERT INTO `supplier` (`id`, `name`, `accountId`, `presence`) VALUES
	('SP001', 'EZ FOODS', '2110.000.005', 1),
	('SP002', 'INDOFOOD', '2110.000.004', 1);

-- Dumping structure for table open_akunting.template
CREATE TABLE IF NOT EXISTS `template` (
  `id` varchar(50) NOT NULL DEFAULT '',
  `name` varchar(50) NOT NULL DEFAULT '',
  `tableName` varchar(250) NOT NULL DEFAULT '',
  `note` varchar(250) NOT NULL DEFAULT '',
  `ref` varchar(250) NOT NULL DEFAULT '',
  `presence` int(1) NOT NULL DEFAULT 1,
  `inputDate` datetime NOT NULL DEFAULT '2024-01-01 00:00:00',
  `inputBy` varchar(50) NOT NULL DEFAULT '',
  `updateDate` datetime NOT NULL DEFAULT '2024-01-01 00:00:00',
  `updateBy` varchar(50) NOT NULL DEFAULT '',
  PRIMARY KEY (`id`) USING BTREE
) ENGINE=InnoDB DEFAULT CHARSET=utf16 COLLATE=utf16_bin;

-- Dumping data for table open_akunting.template: ~3 rows (approximately)
INSERT INTO `template` (`id`, `name`, `tableName`, `note`, `ref`, `presence`, `inputDate`, `inputBy`, `updateDate`, `updateBy`) VALUES
	('T000021', 'Cashbank 1', 'cashbank', '', '', 1, '2024-03-08 17:46:44', '1a', '2024-03-08 18:02:43', '1a'),
	('T000022', 'cashbank 2', 'cashbank', '', '', 1, '2024-03-08 17:47:12', '1a', '2024-03-08 17:53:39', '1a'),
	('T000023', 'cashbank 4', 'cashbank', '', '', 1, '2024-03-08 17:53:49', '1a', '2024-03-08 17:53:49', '1a'),
	('T000024', 'Journal 1', 'journal', '', '', 1, '2024-03-08 17:54:02', '1a', '2024-03-08 17:54:02', '1a');

-- Dumping structure for table open_akunting.tenant
CREATE TABLE IF NOT EXISTS `tenant` (
  `id` varchar(50) NOT NULL DEFAULT '',
  `email` varchar(50) NOT NULL DEFAULT '',
  `company` varchar(50) NOT NULL DEFAULT '',
  `name` varchar(50) NOT NULL DEFAULT '',
  `status` varchar(50) NOT NULL DEFAULT '',
  `presence` int(1) NOT NULL DEFAULT 1,
  `inputDate` datetime NOT NULL DEFAULT '2024-01-01 00:00:00',
  `updateDate` datetime NOT NULL DEFAULT '2024-01-01 00:00:00',
  PRIMARY KEY (`id`),
  UNIQUE KEY `email` (`email`)
) ENGINE=InnoDB DEFAULT CHARSET=utf16 COLLATE=utf16_bin;

-- Dumping data for table open_akunting.tenant: ~2 rows (approximately)
INSERT INTO `tenant` (`id`, `email`, `company`, `name`, `status`, `presence`, `inputDate`, `updateDate`) VALUES
	('t1', 'admin@localhost.com', 'Demo INC', 'demo 1', '1', 1, '2024-01-01 00:00:00', '2024-01-01 00:00:00'),
	('t2', 'admin@your_domain.com', 'your INC', 'demo 2', '1', 1, '2024-01-01 00:00:00', '2024-01-01 00:00:00');

-- Dumping structure for table open_akunting.user
CREATE TABLE IF NOT EXISTS `user` (
  `id` varchar(50) NOT NULL DEFAULT '',
  `userRuleId` int(1) NOT NULL DEFAULT 0,
  `email` varchar(50) NOT NULL DEFAULT '',
  `name` varchar(50) NOT NULL DEFAULT '',
  `password` varchar(50) NOT NULL DEFAULT '',
  `priority` int(1) NOT NULL DEFAULT 0,
  `sa` int(1) NOT NULL DEFAULT 0,
  `status` int(1) NOT NULL DEFAULT 1,
  `presence` int(2) NOT NULL DEFAULT 1,
  `inputBy` varchar(50) NOT NULL DEFAULT '',
  `inputDate` datetime NOT NULL DEFAULT '2024-01-01 00:00:00',
  `updateBy` varchar(50) NOT NULL DEFAULT '',
  `updateDate` datetime NOT NULL DEFAULT '2024-01-01 00:00:00',
  PRIMARY KEY (`id`),
  UNIQUE KEY `email` (`email`)
) ENGINE=InnoDB DEFAULT CHARSET=utf16 COLLATE=utf16_bin;

-- Dumping data for table open_akunting.user: ~2 rows (approximately)
INSERT INTO `user` (`id`, `userRuleId`, `email`, `name`, `password`, `priority`, `sa`, `status`, `presence`, `inputBy`, `inputDate`, `updateBy`, `updateDate`) VALUES
	('1a', 1, 'admin@localhost.com', 'Woo', '4297f44b13955235245b2497399d7a93', 1, 1, 1, 1, '', '2024-01-01 00:00:00', '1a', '2024-02-10 16:55:57'),
	('201', 1, 'user201@demo.com', 'Olive 123', '4297f44b13955235245b2497399d7a93', 0, 0, 1, 1, '', '2024-01-01 00:00:00', '1a', '2024-02-10 16:55:46');

-- Dumping structure for table open_akunting.user_jti
CREATE TABLE IF NOT EXISTS `user_jti` (
  `id` int(11) NOT NULL AUTO_INCREMENT,
  `userId` varchar(50) NOT NULL DEFAULT '',
  `jti` varchar(50) NOT NULL DEFAULT '',
  `inputDate` datetime NOT NULL DEFAULT '2024-01-01 00:00:00',
  PRIMARY KEY (`id`)
) ENGINE=InnoDB AUTO_INCREMENT=149 DEFAULT CHARSET=utf8 COLLATE=utf8_unicode_ci;

-- Dumping data for table open_akunting.user_jti: ~81 rows (approximately)
INSERT INTO `user_jti` (`id`, `userId`, `jti`, `inputDate`) VALUES
	(59, '1a', '86513847db05f636ce8ac3275b58108e', '2024-02-11 15:39:53'),
	(60, '1a', '00b1921921983eb5cb2b02e5589a438d', '2024-02-11 16:17:59'),
	(61, '1a', '4654aab75902efe26cd788ccca624ac1', '2024-02-11 16:20:11'),
	(62, '1a', '9d55f8fe0de35956aecf4a157e78e701', '2024-02-11 16:20:11'),
	(63, '1a', '8881377971af02598a2cdbdbaade054e', '2024-02-11 16:33:34'),
	(64, '1a', '9b5ca5368cc69495a563e3e2ffee21ff', '2024-02-11 16:33:34'),
	(65, '1a', '428e074690e16cc661bbe929979b1d9e', '2024-02-11 16:33:34'),
	(66, '1a', 'b701288b27ff3bbe2804befffd42304a', '2024-02-11 17:14:12'),
	(67, '1a', '0a15516982acff950197bf69f3d797a3', '2024-02-11 17:14:12'),
	(68, '1a', '71dbfa96f5c39bc5d6e6e1ab7192c917', '2024-02-11 17:14:12'),
	(69, '1a', 'b77fc40893b49d0972c54b71eaed6248', '2024-02-11 17:14:47'),
	(70, '1a', '4ef97facb227fbf97f709e728a9e7fc9', '2024-02-11 17:14:47'),
	(71, '1a', 'a8cd51cc045bc00882d3b666b7182bc4', '2024-02-11 17:14:47'),
	(72, '1a', 'b54a31c7f3b71c06e81cebf31b3aa935', '2024-02-11 17:15:06'),
	(73, '1a', 'e64a1c139649df5947011906373ba79b', '2024-02-11 17:15:06'),
	(74, '1a', '7d828a7186e007d60d6b30821aaade7c', '2024-02-11 17:15:06'),
	(75, '1a', 'ff2c9b571d9342c43ded4730b767dc7e', '2024-02-11 17:15:49'),
	(76, '1a', '45207a70cdc4b28dec2c64c9e4bdfd36', '2024-02-11 17:15:49'),
	(77, '1a', '21782e70d911ab19ee0f5c322854fa4b', '2024-02-11 17:15:49'),
	(78, '1a', 'e24ea995beb5f88c4854f60c2b19993a', '2024-02-11 17:16:23'),
	(79, '1a', '5910d20d79a9430da3776259c11c9f64', '2024-02-11 17:16:23'),
	(80, '1a', 'a2abb772ced62be137248abf09948bf1', '2024-02-11 17:16:42'),
	(81, '1a', 'a792f0977f6923b2701021c1bc43bc31', '2024-02-11 17:16:42'),
	(82, '1a', '4fe9fdb7a608e74913b727a76f973675', '2024-02-11 17:17:31'),
	(83, '1a', 'eee28f6ca8b0d029e4c268a21cbd242a', '2024-02-11 17:17:31'),
	(84, '1a', 'fb044841e8336e6dd68da85a111f7ffb', '2024-02-11 17:18:00'),
	(85, '1a', 'c29ee77604463b1a5a6311d6782f07af', '2024-02-11 17:18:00'),
	(86, '1a', 'd628b43aef342487f1d84970415f5475', '2024-02-11 17:18:00'),
	(87, '1a', '3c9ed06c3949e06b7c716adcf86c3697', '2024-02-11 17:18:40'),
	(88, '1a', 'f926657dd7c81eee8cf4f1b2293c29ed', '2024-02-11 17:18:40'),
	(89, '1a', '3362f0cf7a7bb7703b28574271602075', '2024-02-11 17:18:59'),
	(90, '1a', '5e91d313dbcd843e0ef0780401f87658', '2024-02-11 17:18:59'),
	(91, '1a', 'dc0c87d659fbe6b104c9b3ee33fa604c', '2024-02-11 17:19:32'),
	(92, '1a', 'e9c8876fb2d96523438ae5c334a54b8d', '2024-02-11 17:19:32'),
	(93, '1a', '866ddb784a0823f614df234a7f08170f', '2024-02-11 17:19:44'),
	(94, '1a', 'e2a8f17236d9e48d10f9d3103f840c50', '2024-02-11 17:19:44'),
	(95, '1a', 'e7b4b55ae6303972f023de51c3fb2938', '2024-02-11 17:19:44'),
	(96, '1a', '4e64b0f8fe4fde6f46c5b9a0544505ac', '2024-02-11 17:19:52'),
	(97, '1a', '50b31f460f0c19c59bdec008163d23a2', '2024-02-11 17:19:52'),
	(98, '1a', '7bc0639610879cffd2dad51cb8502a3b', '2024-02-11 17:19:57'),
	(99, '1a', '51ea952436c76a8f8c926c070395f93a', '2024-02-11 17:19:57'),
	(100, '1a', '1eecf32b9ed2fe76e0228c18ec3e57ac', '2024-02-11 17:19:57'),
	(101, '1a', 'edef65f231d370a0d1677f38070f0178', '2024-02-11 17:20:05'),
	(102, '1a', '859a0e219b64a71f8a8e6126db95e162', '2024-02-11 17:20:05'),
	(103, '1a', '027853100aeab0444af89fdcf157edba', '2024-02-11 17:20:05'),
	(104, '1a', '7b79e33f79c0dab87d1b70ea2a5ec821', '2024-02-11 17:23:34'),
	(105, '1a', '43543d38c2d082f6ea5db627839b763c', '2024-02-11 17:23:34'),
	(106, '1a', 'c8fbd2c5883aadf333265d79a81e7173', '2024-02-11 17:23:34'),
	(107, '1a', 'fbbcd9669dbf5717f2ea92fb8c5bb3cd', '2024-02-12 04:55:46'),
	(108, '1a', 'f560ea5bdf8079a62087c1c4ddb1b57e', '2024-02-12 04:55:46'),
	(109, '1a', '62bf5e8945155bffa933da49ae0fc21d', '2024-02-26 10:49:50'),
	(110, '1a', '64257f1d1f50de30a112301d24b54381', '2024-02-26 10:49:50'),
	(111, '1a', '798e61a94b86d371dd11b3eab881f3b6', '2024-02-26 10:55:07'),
	(112, '1a', 'c9a7d0fc4bc6a16c57cc3e530643d7c9', '2024-02-26 10:55:07'),
	(113, '1a', '64bb4eb6e3ffa71ea18ea3063d0fa976', '2024-03-03 18:02:50'),
	(114, '1a', '13ee1abcf936be2396adda4d9ad99d10', '2024-03-03 18:02:50'),
	(115, '1a', 'ef226b1929fcb93825ef115a379248b7', '2024-03-03 18:03:22'),
	(116, '1a', '5aa38c250754dfb87ddba92c7b93eefd', '2024-03-03 18:03:22'),
	(117, '1a', '043a4f9f72b874d97e64894e402e8fb0', '2024-03-03 18:12:38'),
	(118, '1a', 'f3535cdbff5d76391ee32445611a07a7', '2024-03-03 18:12:38'),
	(119, '1a', '9ff946375596c8356b874e97257af8c0', '2024-03-13 17:27:28'),
	(120, '1a', 'c8585cbf688bd35585a306b764a7c7d2', '2024-03-13 17:27:28'),
	(121, '1a', '5baadeea1fa015a15a80c93196ad7fee', '2024-03-13 17:29:27'),
	(122, '1a', 'ac68d2f98db1547d2c97f00c4576d672', '2024-03-13 17:29:27'),
	(123, '1a', 'eadfef4f117325b0b863e2c81a3342ce', '2024-03-13 17:32:17'),
	(124, '1a', '5a8309677c24cab00bc15b6ef2e9a5c5', '2024-03-13 17:32:17'),
	(125, '1a', '64ed9f9319cb12261149046810a1e1ab', '2024-03-13 17:42:13'),
	(126, '1a', '300a7d80d1634c303382ac76a250dcc5', '2024-03-13 17:42:13'),
	(127, '1a', '2277c5d7c1d29cd8b9e016bc6e5395fc', '2024-03-13 17:43:55'),
	(128, '1a', '780d7c0010bbad9dfef6d3ece125f625', '2024-03-13 17:43:55'),
	(129, '1a', 'ca989503e0c06f4b32bdca074948531f', '2024-03-13 17:49:16'),
	(130, '1a', 'e2e47babf0528822e76b9437869da251', '2024-03-13 17:49:16'),
	(131, '1a', '6a1a3007ae38990a9402578e8f1bcf55', '2024-03-14 05:17:41'),
	(132, '1a', 'af3ee455bf375fe82c022a1af232a30f', '2024-03-14 05:17:41'),
	(133, '1a', 'aeec82058cbd327a6b2fa542c3d40d4e', '2024-03-14 05:21:51'),
	(134, '1a', '1647d902cc5f945b0d801aac78cf3bad', '2024-03-14 05:21:51'),
	(135, '1a', 'c9ae909eefc7269fdde00ac81648a15c', '2024-03-14 05:22:19'),
	(136, '1a', '79ba739cc1a8311a6d0b558e895c615d', '2024-03-14 05:22:19'),
	(137, '1a', '7be482fa1a9f91cf60c52c657ab7e12f', '2024-03-14 05:22:37'),
	(138, '1a', 'a68282cb8febec906b4c219f516cc3c3', '2024-03-14 05:22:37'),
	(139, '1a', 'b68f4f93e24e969210f39a98a2a588ee', '2024-03-14 05:23:01'),
	(140, '1a', '6d94ee14006af0225ea92a4a00de7b99', '2024-03-14 05:23:01'),
	(141, '1a', '926b1abe5d7d43c8934f03ae18da7f51', '2024-03-14 05:23:12'),
	(142, '1a', 'da4e313973652377786b3f57312d71e2', '2024-03-14 05:23:12'),
	(143, '1a', '8b08d4b1641e0951172b02064cdf5192', '2024-03-14 07:08:53'),
	(144, '1a', '9fcf18848f8dbcae3a4169b8b784187e', '2024-03-14 07:08:53'),
	(145, '1a', '7e1ed5d852ece73db877547253fcc9dc', '2024-03-14 07:08:54'),
	(146, '1a', '60259e8bde169190ac3b55d4b9d2a9b7', '2024-03-14 07:08:54'),
	(147, '1a', 'ac9380c934afc095f1f26eae28587adf', '2024-03-17 10:40:48'),
	(148, '1a', 'ae03816047fc12289d839084c75b0602', '2024-03-17 10:40:48');

-- Dumping structure for table open_akunting.user_otp
CREATE TABLE IF NOT EXISTS `user_otp` (
  `id` int(11) NOT NULL AUTO_INCREMENT,
  `accountId` varchar(50) NOT NULL,
  `requestCode` varchar(50) NOT NULL,
  `presence` int(1) NOT NULL DEFAULT 1,
  `inputDate` datetime NOT NULL DEFAULT '2024-01-01 00:00:00',
  `updateDate` datetime NOT NULL DEFAULT '2024-01-01 00:00:00',
  PRIMARY KEY (`id`)
) ENGINE=InnoDB AUTO_INCREMENT=3 DEFAULT CHARSET=utf8 COLLATE=utf8_unicode_ci;

-- Dumping data for table open_akunting.user_otp: ~2 rows (approximately)
INSERT INTO `user_otp` (`id`, `accountId`, `requestCode`, `presence`, `inputDate`, `updateDate`) VALUES
	(1, '201', 'eyJ0eXAiOiJKV1QiLCJhbGciOiJIUzI1NiJ9', 0, '2024-01-01 00:00:00', '2024-01-19 19:14:42'),
	(2, 't', 'Singtel Innov8 2  5,000 ', 1, '2024-01-01 00:00:00', '2024-01-01 00:00:00');

-- Dumping structure for table open_akunting.user_role
CREATE TABLE IF NOT EXISTS `user_role` (
  `id` int(11) NOT NULL AUTO_INCREMENT,
  `name` varchar(50) NOT NULL,
  `isLock` int(1) NOT NULL DEFAULT 0,
  `presence` int(1) NOT NULL DEFAULT 1,
  `inputDate` datetime NOT NULL DEFAULT '2024-01-01 00:00:00',
  `inputBy` varchar(50) NOT NULL DEFAULT '',
  `updateDate` datetime NOT NULL DEFAULT '2024-01-01 00:00:00',
  `updateBy` varchar(50) NOT NULL DEFAULT '',
  PRIMARY KEY (`id`)
) ENGINE=InnoDB AUTO_INCREMENT=11 DEFAULT CHARSET=utf16 COLLATE=utf16_bin;

-- Dumping data for table open_akunting.user_role: ~2 rows (approximately)
INSERT INTO `user_role` (`id`, `name`, `isLock`, `presence`, `inputDate`, `inputBy`, `updateDate`, `updateBy`) VALUES
	(1, 'Admin', 1, 1, '2024-01-01 00:00:00', '', '2024-01-01 00:00:00', ''),
	(10, 'User', 1, 1, '2024-01-01 00:00:00', '', '2024-01-01 00:00:00', '');

-- Dumping structure for table open_akunting.user_role_access
CREATE TABLE IF NOT EXISTS `user_role_access` (
  `id` int(11) NOT NULL AUTO_INCREMENT,
  `userRulesId` int(11) NOT NULL DEFAULT 0,
  `moduleId` int(11) NOT NULL DEFAULT 0,
  `_create` varchar(1) NOT NULL DEFAULT '1',
  `_read` varchar(1) NOT NULL DEFAULT '1',
  `_update` varchar(1) NOT NULL DEFAULT '1',
  `_delete` varchar(1) NOT NULL DEFAULT '1',
  `presence` int(1) NOT NULL DEFAULT 1,
  `inputDate` datetime NOT NULL DEFAULT '2024-01-01 00:00:00',
  `inputBy` varchar(50) NOT NULL DEFAULT '',
  `updateDate` datetime NOT NULL DEFAULT '2024-01-01 00:00:00',
  `updateBy` varchar(50) NOT NULL DEFAULT '',
  PRIMARY KEY (`id`)
) ENGINE=InnoDB AUTO_INCREMENT=26 DEFAULT CHARSET=utf16 COLLATE=utf16_bin;

-- Dumping data for table open_akunting.user_role_access: ~10 rows (approximately)
INSERT INTO `user_role_access` (`id`, `userRulesId`, `moduleId`, `_create`, `_read`, `_update`, `_delete`, `presence`, `inputDate`, `inputBy`, `updateDate`, `updateBy`) VALUES
	(1, 1, 2000, '1', '1', '1', '1', 1, '2024-01-01 00:00:00', '', '2024-02-10 18:18:44', '1a'),
	(17, 1, 110, '1', '1', '1', '0', 1, '2024-02-10 18:22:45', '1a', '2024-02-10 18:22:45', '1a'),
	(18, 1, 120, '1', '1', '1', '0', 1, '2024-02-10 18:22:45', '1a', '2024-02-10 18:22:45', '1a'),
	(19, 1, 130, '1', '1', '1', '0', 1, '2024-02-10 18:22:45', '1a', '2024-02-10 18:22:45', '1a'),
	(20, 1, 1000, '1', '1', '1', '0', 1, '2024-02-10 18:22:45', '1a', '2024-02-10 18:22:45', '1a'),
	(21, 10, 110, '1', '1', '1', '0', 1, '2024-02-10 18:25:30', '1a', '2024-02-10 18:25:30', '1a'),
	(22, 10, 120, '1', '1', '1', '0', 1, '2024-02-10 18:25:30', '1a', '2024-02-10 18:25:30', '1a'),
	(23, 10, 130, '1', '1', '1', '0', 1, '2024-02-10 18:25:30', '1a', '2024-02-10 18:25:30', '1a'),
	(24, 10, 1000, '1', '1', '1', '0', 1, '2024-02-10 18:25:30', '1a', '2024-02-10 18:25:30', '1a'),
	(25, 10, 2000, '1', '1', '1', '0', 1, '2024-02-10 18:25:30', '1a', '2024-02-10 18:25:30', '1a');

-- Dumping structure for table open_akunting.user_tabs
CREATE TABLE IF NOT EXISTS `user_tabs` (
  `id` int(11) NOT NULL AUTO_INCREMENT,
  `jti` varchar(50) NOT NULL DEFAULT '',
  `active` varchar(50) NOT NULL DEFAULT '',
  `name` varchar(50) NOT NULL DEFAULT '',
  `role` varchar(50) NOT NULL DEFAULT '',
  `note` mediumtext NOT NULL,
  `queryParams` varchar(250) NOT NULL DEFAULT '',
  `sorting` int(11) NOT NULL DEFAULT 99,
  `inputDate` datetime NOT NULL DEFAULT '2024-01-01 00:00:00',
  PRIMARY KEY (`id`)
) ENGINE=InnoDB AUTO_INCREMENT=44 DEFAULT CHARSET=utf16 COLLATE=utf16_bin;

-- Dumping data for table open_akunting.user_tabs: ~5 rows (approximately)
INSERT INTO `user_tabs` (`id`, `jti`, `active`, `name`, `role`, `note`, `queryParams`, `sorting`, `inputDate`) VALUES
	(38, 'ac9380c934afc095f1f26eae28587adf', 'trialBalance', 'Trial Balance', 'report', '{"active":"trialBalance","tabs":true,"name":"Trial Balance","role":"report"}', '', 99, '2024-03-23 19:28:05'),
	(39, 'ac9380c934afc095f1f26eae28587adf', 'trialBalance', 'Trial Balance', 'report', '{"active":"trialBalance","tabs":true,"name":"Trial Balance","role":"report"}', '', 99, '2024-03-23 19:29:46'),
	(40, 'ac9380c934afc095f1f26eae28587adf', 'trialBalance', 'Trial Balance', 'report', '{"active":"trialBalance","tabs":true,"name":"Trial Balance","role":"report"}', '', 99, '2024-03-23 19:29:49'),
	(41, 'ac9380c934afc095f1f26eae28587adf', 'trialBalance', 'Trial Balance', 'report', '{"active":"trialBalance","tabs":true,"name":"Trial Balance","role":"report"}', '', 99, '2024-03-23 19:29:53'),
	(42, 'ac9380c934afc095f1f26eae28587adf', 'trialBalance', 'Trial Balance', 'report', '{"active":"trialBalance","tabs":true,"name":"Trial Balance","role":"report"}', '', 99, '2024-03-23 19:29:58'),
	(43, 'ac9380c934afc095f1f26eae28587adf', 'ap/invoice', 'AP Invoice', 'ap', '{"active":"ap\\/invoice","tabs":true,"name":"AP Invoice","role":"ap"}', '', 99, '2024-03-25 03:38:19');

/*!40103 SET TIME_ZONE=IFNULL(@OLD_TIME_ZONE, 'system') */;
/*!40101 SET SQL_MODE=IFNULL(@OLD_SQL_MODE, '') */;
/*!40014 SET FOREIGN_KEY_CHECKS=IFNULL(@OLD_FOREIGN_KEY_CHECKS, 1) */;
/*!40101 SET CHARACTER_SET_CLIENT=@OLD_CHARACTER_SET_CLIENT */;
/*!40111 SET SQL_NOTES=IFNULL(@OLD_SQL_NOTES, 1) */;
