-- --------------------------------------------------------
-- Host:                         localhost
-- Server version:               10.4.28-MariaDB - mariadb.org binary distribution
-- Server OS:                    Win64
-- HeidiSQL Version:             12.5.0.6677
-- --------------------------------------------------------

/*!40101 SET @OLD_CHARACTER_SET_CLIENT=@@CHARACTER_SET_CLIENT */;
/*!40101 SET NAMES utf8 */;
/*!50503 SET NAMES utf8mb4 */;
/*!40103 SET @OLD_TIME_ZONE=@@TIME_ZONE */;
/*!40103 SET TIME_ZONE='+00:00' */;
/*!40014 SET @OLD_FOREIGN_KEY_CHECKS=@@FOREIGN_KEY_CHECKS, FOREIGN_KEY_CHECKS=0 */;
/*!40101 SET @OLD_SQL_MODE=@@SQL_MODE, SQL_MODE='NO_AUTO_VALUE_ON_ZERO' */;
/*!40111 SET @OLD_SQL_NOTES=@@SQL_NOTES, SQL_NOTES=0 */;

-- Dumping structure for table open_akunting.account
CREATE TABLE IF NOT EXISTS `account` (
  `id` varchar(50) NOT NULL DEFAULT '',
  `parentId` varchar(50) DEFAULT '',
  `name` varchar(250) NOT NULL DEFAULT '',
  `accountTypeId` varchar(10) NOT NULL DEFAULT '',
  `cashBank` int(1) NOT NULL DEFAULT 1,
  `status` varchar(2) NOT NULL DEFAULT '1',
  `presence` int(1) NOT NULL DEFAULT 1,
  `inputDate` datetime NOT NULL DEFAULT '2024-01-01 00:00:00',
  `inputBy` varchar(50) NOT NULL DEFAULT '',
  `updateDate` datetime NOT NULL DEFAULT '2024-01-01 00:00:00',
  `updateBy` varchar(50) NOT NULL DEFAULT '',
  PRIMARY KEY (`id`)
) ENGINE=InnoDB DEFAULT CHARSET=utf16 COLLATE=utf16_bin;

-- Dumping data for table open_akunting.account: ~170 rows (approximately)
INSERT INTO `account` (`id`, `parentId`, `name`, `accountTypeId`, `cashBank`, `status`, `presence`, `inputDate`, `inputBy`, `updateDate`, `updateBy`) VALUES
	('1', '0', 'ASSETS', '', 1, '1', 1, '2024-02-19 18:10:24', '1a', '2024-02-19 18:10:24', '1a'),
	('11', '1', 'CURRENT ASSET', '10', 0, '1', 1, '2024-02-19 18:10:24', '1a', '2024-02-22 06:13:21', '1a'),
	('1110', '11', 'CASH AND BANK', '10', 0, '1', 1, '2024-02-19 18:10:24', '1a', '2024-02-22 06:13:21', '1a'),
	('1110.001.000', '1110', 'Petty Cash', '10', 1, '1', 1, '2024-02-19 18:10:24', '1a', '2024-02-22 06:13:21', '1a'),
	('1110.003.000', '1110', 'Advance - Others', '10', 0, '1', 1, '2024-02-19 18:10:24', '1a', '2024-02-22 06:13:21', '1a'),
	('1110.005.000', '1110', 'BCA In - KGM3', '10', 1, '1', 1, '2024-02-19 18:10:24', '1a', '2024-02-22 06:13:21', '1a'),
	('1110.007.000', '1110', 'Danamon Out', '10', 1, '1', 1, '2024-02-19 18:10:24', '1a', '2024-02-22 06:13:21', '1a'),
	('1110.009.000', '1110', 'Mandiri - KGM3', '10', 1, '1', 1, '2024-02-19 18:10:24', '1a', '2024-02-22 06:13:21', '1a'),
	('1110.011.000', '1110', 'BCA Out - MKG3', '10', 1, '1', 1, '2024-02-19 18:10:24', '1a', '2024-02-22 06:13:21', '1a'),
	('1110.015.000', '1110', '', '10', 0, '1', 1, '2024-02-19 18:10:24', '1a', '2024-02-22 06:13:21', '1a'),
	('1110.020.000', '1110', 'Mandiri In', '10', 1, '1', 1, '2024-02-19 18:10:24', '1a', '2024-02-22 06:13:21', '1a'),
	('1110.021.000', '1110', 'ARTHA GRAHA BANK', '10', 1, '1', 1, '2024-02-19 18:10:24', '1a', '2024-02-22 06:13:21', '1a'),
	('1110.022.000', '1110', 'BRI', '10', 1, '1', 1, '2024-02-19 18:10:24', '1a', '2024-02-22 06:13:21', '1a'),
	('1120', '11', 'ACCOUNT RECEIVABLE', '10', 0, '1', 1, '2024-02-19 18:10:24', '1a', '2024-02-22 06:13:21', '1a'),
	('1120.000.001', '1120', 'AR - Trade', '10', 0, '1', 1, '2024-02-19 18:10:24', '1a', '2024-02-22 06:13:21', '1a'),
	('1120.000.002', '1120', 'AR OTHER', '10', 0, '1', 1, '2024-02-19 18:10:24', '1a', '2024-02-22 06:13:21', '1a'),
	('1120.009.000', '1120', 'AR - Tjia Mei Liang', '10', 0, '1', 1, '2024-02-19 18:10:24', '1a', '2024-02-22 06:13:21', '1a'),
	('1120.010.604', '1120', 'AR RMM', '10', 0, '1', 1, '2024-02-19 18:10:24', '1a', '2024-02-22 06:13:21', '1a'),
	('1120.010.605', '1120', 'AR PT SELERA PRIMA LESTARINDO', '10', 0, '1', 1, '2024-02-19 18:10:24', '1a', '2024-02-22 06:13:21', '1a'),
	('1120.030.000', '1120', 'AR CASH', '10', 0, '1', 1, '2024-02-19 18:10:24', '1a', '2024-02-22 06:13:21', '1a'),
	('1120.090.001', '1120', 'AR - LKI Surabaya', '10', 0, '1', 1, '2024-02-19 18:10:24', '1a', '2024-02-22 06:13:21', '1a'),
	('1120.090.002', '1120', 'AR - LKI Bali', '10', 0, '1', 1, '2024-02-19 18:10:24', '1a', '2024-02-22 06:13:21', '1a'),
	('1120.090.003', '1120', 'AR - MMI', '10', 0, '1', 1, '2024-02-19 18:10:24', '1a', '2024-02-22 06:13:21', '1a'),
	('1120.091.001', '1120.010.000', 'AR BANK BCA V,M ', '10', 0, '1', 1, '2024-02-19 18:10:24', '1a', '2024-02-22 06:13:21', '1a'),
	('1120.091.002', '1120.010.000', 'AR BANK BCA DEBIT', '10', 0, '1', 1, '2024-02-19 18:10:24', '1a', '2024-02-22 06:13:21', '1a'),
	('1120.091.003', '1120.010.000', 'AR BANK BCA FLAZZ', '10', 0, '1', 1, '2024-02-19 18:10:24', '1a', '2024-02-22 06:13:21', '1a'),
	('1120.091.004', '1120.010.000', 'AR BANK MANDIRI DEBIT,V,M', '10', 0, '1', 1, '2024-02-19 18:10:24', '1a', '2024-02-22 06:13:21', '1a'),
	('1120.091.005', '1120.010.000', 'AR BANK DANAMON DEBIT,V,M', '10', 0, '1', 1, '2024-02-19 18:10:24', '1a', '2024-02-22 06:13:21', '1a'),
	('1120.091.006', '1120.010.000', 'AR BANK CIMB DEBIT,V,M', '10', 0, '1', 1, '2024-02-19 18:10:24', '1a', '2024-02-22 06:13:21', '1a'),
	('1120.091.007', '1120.010.000', 'AR BANK CITIBANK V,M', '10', 0, '1', 1, '2024-02-19 18:10:24', '1a', '2024-02-22 06:13:21', '1a'),
	('1120.091.008', '1120.010.000', 'AR CASH', '10', 0, '1', 1, '2024-02-19 18:10:24', '1a', '2024-02-22 06:13:21', '1a'),
	('1120.091.020', '1120', 'AR TENANT - ALL OUTLET', '10', 0, '1', 1, '2024-02-19 18:10:24', '1a', '2024-02-22 06:13:21', '1a'),
	('1130', '11', 'INVENTORY', '10', 0, '1', 1, '2024-02-19 18:10:24', '1a', '2024-02-22 06:13:21', '1a'),
	('1130.001.000', '1130', 'Inventory - Food', '10', 0, '1', 1, '2024-02-19 18:10:24', '1a', '2024-02-22 06:13:21', '1a'),
	('1130.002.000', '1130', 'Inventory - Beverage', '10', 0, '1', 1, '2024-02-19 18:10:24', '1a', '2024-02-22 06:13:21', '1a'),
	('1130.003.000', '1130', 'Inventory - Supplies', '10', 0, '1', 1, '2024-02-19 18:10:24', '1a', '2024-02-22 06:13:21', '1a'),
	('1130.004.000', '1130', 'Inventory - Prosess Food', '10', 0, '1', 1, '2024-02-19 18:10:24', '1a', '2024-02-22 06:13:21', '1a'),
	('1130.005.000', '1130', 'Inventory - Spicse', '10', 0, '1', 1, '2024-02-19 18:10:24', '1a', '2024-02-22 06:13:21', '1a'),
	('1130.006.000', '1130', 'Inventory - Proses Spies', '10', 0, '1', 1, '2024-02-19 18:10:24', '1a', '2024-02-22 06:13:21', '1a'),
	('1130.007.000', '1130', 'Inventory - Other', '10', 0, '1', 1, '2024-02-19 18:10:24', '1a', '2024-02-22 06:13:21', '1a'),
	('1130.009.000', '1130', 'Inventory - Import Good', '10', 0, '1', 1, '2024-02-19 18:10:24', '1a', '2024-02-22 06:13:21', '1a'),
	('1140', '11', 'PREPAID', '10', 0, '1', 1, '2024-02-19 18:10:24', '1a', '2024-02-22 06:13:21', '1a'),
	('1140.001.000', '1140', 'Prepaid Rent', '10', 0, '1', 1, '2024-02-19 18:10:24', '1a', '2024-02-22 06:13:21', '1a'),
	('1140.002.000', '1140', 'Prepaid Insurance', '10', 0, '1', 1, '2024-02-19 18:10:24', '1a', '2024-02-22 06:13:21', '1a'),
	('1140.003.000', '1140', 'Prepaid Tax', '10', 0, '1', 1, '2024-02-19 18:10:24', '1a', '2024-02-22 06:13:21', '1a'),
	('1140.004.000', '1140', 'Prepaid Service Charge', '10', 0, '1', 1, '2024-02-19 18:10:24', '1a', '2024-02-22 06:13:21', '1a'),
	('1150.001.000', '1140', 'Down Payment', '10', 0, '1', 1, '2024-02-19 18:10:24', '1a', '2024-02-22 06:13:21', '1a'),
	('1160', '11', 'FIX ASSET', '10', 0, '1', 1, '2024-02-19 18:10:24', '1a', '2024-02-22 06:13:21', '1a'),
	('1160.001.000', '1160', 'FA - Motor Vehicle ', '10', 0, '1', 1, '2024-02-19 18:10:24', '1a', '2024-02-22 06:13:21', '1a'),
	('1160.002.000', '1160', 'FA - Computer', '10', 0, '1', 1, '2024-02-19 18:10:24', '1a', '2024-02-22 06:13:21', '1a'),
	('1160.003.000', '1160', 'FA - Furniture ', '10', 0, '1', 1, '2024-02-19 18:10:24', '1a', '2024-02-22 06:13:21', '1a'),
	('1160.004.000', '1160', 'FA - Equipment', '10', 0, '1', 1, '2024-02-19 18:10:24', '1a', '2024-02-22 06:13:21', '1a'),
	('1160.005.000', '1160', 'FA - Furniture Fix (Opr)', '10', 0, '1', 1, '2024-02-19 18:10:24', '1a', '2024-02-22 06:13:21', '1a'),
	('1160.006.000', '1160', 'FA - Renovation', '10', 0, '1', 1, '2024-02-19 18:10:24', '1a', '2024-02-22 06:13:21', '1a'),
	('1170', '11', 'ACCUMULATE DEPRETIATION', '10', 0, '1', 1, '2024-02-19 18:10:24', '1a', '2024-02-22 06:13:21', '1a'),
	('1170.001.000', '1170', 'Acc. Depr. Motor Vehicle ', '10', 0, '1', 1, '2024-02-19 18:10:24', '1a', '2024-02-22 06:13:21', '1a'),
	('1170.002.000', '1170', 'Acc. Depr. Computer', '10', 0, '1', 1, '2024-02-19 18:10:24', '1a', '2024-02-22 06:13:21', '1a'),
	('1170.003.000', '1170', 'Acc. Depr. Furniture', '10', 0, '1', 1, '2024-02-19 18:10:24', '1a', '2024-02-22 06:13:21', '1a'),
	('1170.004.000', '1170', 'Acc. Depr. Equipment', '10', 0, '1', 1, '2024-02-19 18:10:24', '1a', '2024-02-22 06:13:21', '1a'),
	('1170.005.000', '1170', 'Acc. Depr. Furniture Fix (Opr) ', '10', 0, '1', 1, '2024-02-19 18:10:24', '1a', '2024-02-22 06:13:21', '1a'),
	('1170.006.000', '1170', 'Acc. Depr. Renovation', '10', 0, '1', 1, '2024-02-19 18:10:24', '1a', '2024-02-22 06:13:21', '1a'),
	('1180', '11', 'DEPOSIT', '10', 0, '1', 1, '2024-02-19 18:10:24', '1a', '2024-02-22 06:13:21', '1a'),
	('1180.001.001', '1180', 'SECURITY DEPOSIT', '10', 0, '1', 1, '2024-02-19 18:10:24', '1a', '2024-02-22 06:13:21', '1a'),
	('1181', '11', 'Advance', '10', 0, '1', 1, '2024-02-19 18:10:24', '1a', '2024-02-22 06:13:21', '1a'),
	('1190', '11', 'LONG TERM INVESMENT', '10', 0, '1', 1, '2024-02-19 18:10:24', '1a', '2024-02-22 06:13:21', '1a'),
	('1190-000.004', '1190', 'Selera Prima Lestarindo', '10', 0, '1', 1, '2024-02-19 18:10:24', '1a', '2024-02-22 06:13:21', '1a'),
	('1190.000.001', '1190', 'Dinasti Kuliner', '10', 0, '1', 1, '2024-02-19 18:10:24', '1a', '2024-02-22 06:13:21', '1a'),
	('1190.000.002', '1190', 'Boga Lima Radja Inti', '10', 0, '1', 1, '2024-02-19 18:10:24', '1a', '2024-02-22 06:13:21', '1a'),
	('1190.000.003', '1190', 'Lima Radja Kuliner', '10', 0, '1', 1, '2024-02-19 18:10:24', '1a', '2024-02-22 06:13:21', '1a'),
	('1190.000.004', '1190', 'Selera Prima Lestarindo', '10', 0, '1', 1, '2024-02-19 18:10:24', '1a', '2024-02-22 06:13:21', '1a'),
	('1190.001.001', '1190', 'INVESTMENT', '10', 0, '1', 1, '2024-02-19 18:10:24', '1a', '2024-02-22 06:13:21', '1a'),
	('1200', '1', 'OTHER ASSETS', '10', 0, '1', 1, '2024-02-19 18:10:24', '1a', '2024-02-22 06:13:21', '1a'),
	('1200.000.001', '1200', 'Pra Operating', '10', 0, '1', 1, '2024-02-19 18:10:24', '1a', '2024-02-22 06:13:21', '1a'),
	('200', '0', 'LEABILITIES & CAPITAL', '', 1, '1', 1, '2024-02-19 18:10:24', '1a', '2024-02-19 18:10:24', '1a'),
	('2000', '200', 'ACCOUNT PAYABLE', '20', 0, '1', 1, '2024-02-19 18:10:24', '1a', '2024-02-22 06:13:21', '1a'),
	('2110.000.001', '2000', 'AP - Trade', '20', 0, '1', 1, '2024-02-19 18:10:24', '1a', '2024-02-22 06:13:21', '1a'),
	('2110.000.002', '2000', 'AP - Building', '20', 0, '1', 1, '2024-02-19 18:10:24', '1a', '2024-02-22 06:13:21', '1a'),
	('2110.000.003', '2000', 'AP - Jamsostek', '20', 0, '1', 1, '2024-02-19 18:10:24', '1a', '2024-02-22 06:13:22', '1a'),
	('2110.000.004', '2000', 'AP - FOODINDO', '20', 0, '1', 1, '2024-02-19 18:10:24', '1a', '2024-02-22 06:13:22', '1a'),
	('2110.000.005', '2000', 'AP - TML', '20', 0, '1', 1, '2024-02-19 18:10:24', '1a', '2024-02-22 06:13:22', '1a'),
	('2110.000.006', '2000', 'AP - AT', '20', 0, '1', 1, '2024-02-19 18:10:24', '1a', '2024-02-22 06:13:22', '1a'),
	('2110.000.007', '2000', 'AP - ADT', '20', 0, '1', 1, '2024-02-19 18:10:24', '1a', '2024-02-22 06:13:22', '1a'),
	('2110.000.010', '2000', 'AP OTHER', '20', 0, '1', 1, '2024-02-19 18:10:24', '1a', '2024-02-22 06:13:22', '1a'),
	('2120', '200', 'TAX', '20', 0, '1', 1, '2024-02-19 18:10:24', '1a', '2024-02-22 06:13:22', '1a'),
	('2120.000.001', '2120', 'Tax Payable PB1', '20', 0, '1', 1, '2024-02-19 18:10:24', '1a', '2024-02-22 06:13:22', '1a'),
	('2120.000.002', '2120', 'Tax Payable PPh 21', '20', 0, '1', 1, '2024-02-19 18:10:24', '1a', '2024-02-22 06:13:22', '1a'),
	('2120.000.003', '2120', 'Tax Payable PPh 23', '20', 0, '1', 1, '2024-02-19 18:10:24', '1a', '2024-02-22 06:13:22', '1a'),
	('2120.000.004', '2120', 'Tax Payable PPh 25', '20', 0, '1', 1, '2024-02-19 18:10:24', '1a', '2024-02-22 06:13:22', '1a'),
	('2120.000.005', '2120', 'Tax Payable PPh 4 (2)', '20', 0, '1', 1, '2024-02-19 18:10:24', '1a', '2024-02-22 06:13:22', '1a'),
	('2120.000.006', '2120', 'Tax Payable PPh Ps 2 Ayat 2', '20', 0, '1', 1, '2024-02-19 18:10:24', '1a', '2024-02-22 06:13:22', '1a'),
	('2120.000.007', '2120', 'Tax Payable PPN', '20', 0, '1', 1, '2024-02-19 18:10:24', '1a', '2024-02-22 06:13:22', '1a'),
	('2130', '200', 'CUSTOMER DEPOSIT', '20', 0, '1', 1, '2024-02-19 18:10:24', '1a', '2024-02-22 06:13:22', '1a'),
	('2140', '200', 'SERVICE CHARGE MOKKA COFFE', '20', 0, '1', 1, '2024-02-19 18:10:24', '1a', '2024-02-22 06:13:22', '1a'),
	('3110', '200', 'CAPITAL', '20', 0, '1', 1, '2024-02-19 18:10:24', '1a', '2024-02-22 06:13:22', '1a'),
	('3110.001.000', '3110', 'Return Earning', '20', 0, '1', 1, '2024-02-19 18:10:24', '1a', '2024-02-22 06:13:22', '1a'),
	('3110.002.000', '3110', 'Current Return Earning', '20', 0, '1', 1, '2024-02-19 18:10:24', '1a', '2024-02-22 06:13:22', '1a'),
	('3110.003.000', '3110', 'CURRENT PROFIT & LOSS', '20', 0, '1', 1, '2024-02-19 18:10:24', '1a', '2024-02-22 06:13:22', '1a'),
	('3110.004.000', '3110', 'Credit Note', '20', 0, '1', 1, '2024-02-19 18:10:24', '1a', '2024-02-22 06:13:22', '1a'),
	('3120', '3110', 'SHAREHOLDERS', '20', 0, '1', 1, '2024-02-19 18:10:24', '1a', '2024-02-22 06:13:22', '1a'),
	('3120.001.000', '3120', 'Shareholders - TML', '20', 0, '1', 1, '2024-02-19 18:10:24', '1a', '2024-02-22 06:13:22', '1a'),
	('3120.002.000', '3120', 'Shareholder - TF', '20', 0, '1', 1, '2024-02-19 18:10:24', '1a', '2024-02-22 06:13:22', '1a'),
	('3120.003.000', '3120', 'Shareholder - IT', '20', 0, '1', 1, '2024-02-19 18:10:24', '1a', '2024-02-22 06:13:22', '1a'),
	('3120.004.000', '3120', 'Shareholder - SSP', '20', 0, '1', 1, '2024-02-19 18:10:24', '1a', '2024-02-22 06:13:22', '1a'),
	('3120.005.000', '3120', 'Shareholder - AT', '20', 0, '1', 1, '2024-02-19 18:10:24', '1a', '2024-02-22 06:13:22', '1a'),
	('3120.006.000', '3120', 'Shareholder - ADT', '20', 0, '1', 1, '2024-02-19 18:10:24', '1a', '2024-02-22 06:13:22', '1a'),
	('4000', '0', 'SALES', '', 1, '1', 1, '2024-02-19 18:10:24', '1a', '2024-02-19 18:10:24', '1a'),
	('4000.200', '4000', 'SALES MOKKA COFFE CABANA', '40', 0, '1', 1, '2024-02-19 18:10:24', '1a', '2024-02-22 06:13:22', '1a'),
	('4000.200.001', '4000.200', 'SALES MOKKA', '40', 0, '1', 1, '2024-02-19 18:10:24', '1a', '2024-02-22 06:13:22', '1a'),
	('4111.001', '4000', 'SALES MOKKA ', '40', 0, '1', 1, '2024-02-19 18:10:24', '1a', '2024-02-22 06:13:22', '1a'),
	('4111.001.001', '4111.001', 'MCB - Sales - Food', '40', 0, '1', 1, '2024-02-19 18:10:24', '1a', '2024-02-22 06:13:22', '1a'),
	('4111.001.002', '4111.001', 'MCB - Sales - Baverages', '40', 0, '1', 1, '2024-02-19 18:10:24', '1a', '2024-02-22 06:13:22', '1a'),
	('4111.001.003', '4111.001', 'MCB - Sales - Cake', '40', 0, '1', 1, '2024-02-19 18:10:24', '1a', '2024-02-22 06:13:22', '1a'),
	('4111.005.000', '4000', 'SALES IMPORT', '40', 0, '1', 1, '2024-02-19 18:10:24', '1a', '2024-02-22 06:13:22', '1a'),
	('4113.001', '4000', 'DISCOUNT', '40', 0, '1', 1, '2024-02-19 18:10:24', '1a', '2024-02-22 06:13:22', '1a'),
	('4113.002.001', '4113.001', 'Discount Mokka Bintaro', '40', 0, '1', 1, '2024-02-19 18:10:24', '1a', '2024-02-22 06:13:22', '1a'),
	('5110', '4000', 'COGS', '50', 0, '1', 1, '2024-02-19 18:10:24', '1a', '2024-02-22 06:13:22', '1a'),
	('5110.001', '5110', 'COGS MKG', '50', 0, '1', 1, '2024-02-19 18:10:24', '1a', '2024-02-22 06:13:22', '1a'),
	('5111.001', '0', 'COGS MOKKA COFFE BINTARO', '', 1, '1', 1, '2024-02-19 18:10:24', '1a', '2024-02-19 18:10:24', '1a'),
	('5111.001.001', '5111.001', 'MCB - COGS - Food', '50', 0, '1', 1, '2024-02-19 18:10:24', '1a', '2024-02-22 06:13:22', '1a'),
	('5111.001.002', '5111.001', 'MCB - COGS - Beverages', '50', 0, '1', 1, '2024-02-19 18:10:24', '1a', '2024-02-22 06:13:22', '1a'),
	('6000', '0', 'EXPENSE', '', 1, '1', 1, '2024-02-19 18:10:24', '1a', '2024-02-19 18:10:24', '1a'),
	('6110', '6000', 'OPERATIONAL EXPENSE', '60', 0, '1', 1, '2024-02-19 18:10:24', '1a', '2024-02-22 06:13:22', '1a'),
	('6110.000.001', '6110', 'SALARY EXPENSE', '60', 0, '1', 1, '2024-02-19 18:10:24', '1a', '2024-02-22 06:13:22', '1a'),
	('6110.000.002', '6110', 'JAMSOSTEK EXPENSE', '60', 0, '1', 1, '2024-02-19 18:10:24', '1a', '2024-02-22 06:13:22', '1a'),
	('6110.000.003', '6110', 'SERVICE CHARGE DISTRIBUTION EXPENSE', '60', 0, '1', 1, '2024-02-19 18:10:24', '1a', '2024-02-22 06:13:22', '1a'),
	('6110.000.004', '6110', 'MEDICAL EXPENSE', '60', 0, '1', 1, '2024-02-19 18:10:24', '1a', '2024-02-22 06:13:22', '1a'),
	('6110.000.005', '6110', 'TRANSPORT EXPENSE', '60', 0, '1', 1, '2024-02-19 18:10:24', '1a', '2024-02-22 06:13:22', '1a'),
	('6110.000.006', '6110', 'MARKETING AND PROMOTION EXPENSE', '60', 0, '1', 1, '2024-02-19 18:10:24', '1a', '2024-02-22 06:13:22', '1a'),
	('6110.000.007', '6110', 'ENTERTAINMENT EXPENSE', '60', 0, '1', 1, '2024-02-19 18:10:24', '1a', '2024-02-22 06:13:22', '1a'),
	('6110.000.008', '6110', 'SUPPLIES EXPENSE', '60', 0, '1', 1, '2024-02-19 18:10:24', '1a', '2024-02-22 06:13:22', '1a'),
	('6110.000.009', '6110', 'TRAINING EXPENSE', '60', 0, '1', 1, '2024-02-19 18:10:24', '1a', '2024-02-22 06:13:22', '1a'),
	('6110.000.010', '6110', 'PRODUCT DEVELOPMENT EXPENSE', '60', 0, '1', 1, '2024-02-19 18:10:24', '1a', '2024-02-22 06:13:22', '1a'),
	('6110.000.011', '6110', 'VARIANCE EXPENSE', '60', 0, '1', 1, '2024-02-19 18:10:24', '1a', '2024-02-22 06:13:22', '1a'),
	('6110.000.012', '6110', 'DELIVERY ORDER EXPENSE', '60', 0, '1', 1, '2024-02-19 18:10:24', '1a', '2024-02-22 06:13:22', '1a'),
	('6110.000.013', '6110', 'LEGAL & PROFESIONAL FEE EXPENSE', '60', 0, '1', 1, '2024-02-19 18:10:24', '1a', '2024-02-22 06:13:22', '1a'),
	('6110.000.014', '6110', 'BANK ADMIN EXPENSE', '60', 0, '1', 1, '2024-02-19 18:10:24', '1a', '2024-02-22 06:13:22', '1a'),
	('6110.000.015', '6110', 'COPY & PRINT EXPENSE', '60', 0, '1', 1, '2024-02-19 18:10:24', '1a', '2024-02-22 06:13:22', '1a'),
	('6110.000.016', '6110', 'MAINTENANCE EXPENSE', '60', 0, '1', 1, '2024-02-19 18:10:24', '1a', '2024-02-22 06:13:22', '1a'),
	('6110.000.017', '6110', 'ELECTRICAL EXPENSE', '60', 0, '1', 1, '2024-02-19 18:10:24', '1a', '2024-02-22 06:13:22', '1a'),
	('6110.000.019', '6110', 'WATER EXPENSE', '60', 0, '1', 1, '2024-02-19 18:10:24', '1a', '2024-02-22 06:13:22', '1a'),
	('6110.000.020', '6110', 'GAS EXPENSE', '60', 0, '1', 1, '2024-02-19 18:10:24', '1a', '2024-02-22 06:13:22', '1a'),
	('6110.000.021', '6110', 'TELEPHONE EXPENSE', '60', 0, '1', 1, '2024-02-19 18:10:24', '1a', '2024-02-22 06:13:22', '1a'),
	('6110.000.022', '6110', 'INTERNET EXPENSE', '60', 0, '1', 1, '2024-02-19 18:10:24', '1a', '2024-02-22 06:13:22', '1a'),
	('6110.000.023', '6110', 'ADMIN EXPENSE', '60', 0, '1', 1, '2024-02-19 18:10:24', '1a', '2024-02-22 06:13:22', '1a'),
	('6111', '6000', 'ADMIN EXPENSE', '60', 0, '1', 1, '2024-02-19 18:10:24', '1a', '2024-02-22 06:13:22', '1a'),
	('6120', '6000', 'DEP. EXPENSE', '60', 0, '1', 1, '2024-02-19 18:10:24', '1a', '2024-02-22 06:13:22', '1a'),
	('6120.001.001', '6120', 'Depr. Expense Motor Vehicle', '60', 0, '1', 1, '2024-02-19 18:10:24', '1a', '2024-02-22 06:13:22', '1a'),
	('6120.001.002', '6120', 'Depr. Expense Computer', '60', 0, '1', 1, '2024-02-19 18:10:24', '1a', '2024-02-22 06:13:22', '1a'),
	('6120.001.003', '6120', 'Depr. Expense Office Furniture', '60', 0, '1', 1, '2024-02-19 18:10:24', '1a', '2024-02-22 06:13:22', '1a'),
	('6120.001.004', '6120', 'Depr. Expense Bar Equip', '60', 0, '1', 1, '2024-02-19 18:10:24', '1a', '2024-02-22 06:13:22', '1a'),
	('6120.001.005', '6120', 'Depr. Expense Furniture Fix (Opr)', '60', 0, '1', 1, '2024-02-19 18:10:24', '1a', '2024-02-22 06:13:22', '1a'),
	('6120.001.006', '6120', 'Depr.Expense Pra Operating', '60', 0, '1', 1, '2024-02-19 18:10:24', '1a', '2024-02-22 06:13:22', '1a'),
	('6120.001.007', '6120', 'Depr. Expense Renovation', '60', 0, '1', 1, '2024-02-19 18:10:24', '1a', '2024-02-22 06:13:22', '1a'),
	('6200', '6000', 'RENTAL & SERVISE CHARGE EXPENSE', '60', 0, '1', 1, '2024-02-19 18:10:24', '1a', '2024-02-22 06:13:22', '1a'),
	('6200.001-005', '6000', 'OTHER EXPENSE', '60', 0, '1', 1, '2024-02-19 18:10:24', '1a', '2024-02-22 06:13:22', '1a'),
	('6200.001.001', '6200', 'BUILDING SERVICE CHARGE EXPENSE', '60', 0, '1', 1, '2024-02-19 18:10:24', '1a', '2024-02-22 06:13:22', '1a'),
	('6200.001.002', '6200', 'BUILDING RENTAL EXPENSE', '60', 0, '1', 1, '2024-02-19 18:10:24', '1a', '2024-02-22 06:13:22', '1a'),
	('6200.001.003', '6200', 'CENTER PROMOTION EXPENSE', '60', 0, '1', 1, '2024-02-19 18:10:24', '1a', '2024-02-22 06:13:22', '1a'),
	('6200.001.004', '6000', 'Other Income', '60', 0, '1', 1, '2024-02-19 18:10:24', '1a', '2024-02-22 06:13:22', '1a'),
	('6200.001.004.001', '6200.001.004', 'Other Income', '60', 0, '1', 1, '2024-02-19 18:10:24', '1a', '2024-02-22 06:13:22', '1a'),
	('6300', '6000', 'OTHER EXPENSE', '60', 0, '1', 1, '2024-02-19 18:10:24', '1a', '2024-02-22 06:13:22', '1a'),
	('6300.001.001', '6200.001-005', 'OTHER EXPENSE', '60', 0, '1', 1, '2024-02-19 18:10:24', '1a', '2024-02-22 06:13:22', '1a'),
	('6300.002.001', '6200.001-005', 'TAX EXPENSE PPH IMPOR', '60', 0, '1', 1, '2024-02-19 18:10:24', '1a', '2024-02-22 06:13:22', '1a'),
	('6300.002.002', '6200.001-005', 'TAXEXPENSE PPN IMPOR', '60', 0, '1', 1, '2024-02-19 18:10:24', '1a', '2024-02-22 06:13:22', '1a'),
	('6300.002.003', '6200.001-005', 'TAX EXPENSE ', '60', 0, '1', 1, '2024-02-19 18:10:24', '1a', '2024-02-22 06:13:22', '1a'),
	('7000', '0', 'OTHER INCOME', '', 1, '1', 1, '2024-02-19 18:10:24', '1a', '2024-02-19 18:10:24', '1a'),
	('7000.001.001', '7000', 'BUNGA BANK', '70', 0, '1', 1, '2024-02-19 18:10:24', '1a', '2024-02-22 06:13:22', '1a'),
	('7000.001.002', '7000', 'SERVICE CHARGE', '70', 0, '1', 1, '2024-02-19 18:10:24', '1a', '2024-02-22 06:13:22', '1a'),
	('7000.001.003', '7000', 'OTHER INCOME', '70', 0, '1', 1, '2024-02-19 18:10:24', '1a', '2024-02-22 06:13:22', '1a');

-- Dumping structure for table open_akunting.account_balance
CREATE TABLE IF NOT EXISTS `account_balance` (
  `id` int(11) NOT NULL AUTO_INCREMENT,
  `year` int(4) NOT NULL DEFAULT 2024,
  `month` int(2) NOT NULL DEFAULT 1,
  `accountId` varchar(50) NOT NULL DEFAULT '',
  `outletId` varchar(50) NOT NULL DEFAULT '',
  `beginBalance` double NOT NULL DEFAULT 0,
  `debit` double NOT NULL DEFAULT 0,
  `credit` double NOT NULL DEFAULT 0,
  `endBalance` double NOT NULL DEFAULT 0,
  `status` varchar(2) NOT NULL DEFAULT '1',
  `presence` int(1) NOT NULL DEFAULT 1,
  `inputDate` datetime NOT NULL DEFAULT '2024-01-01 00:00:00',
  `inputBy` varchar(50) NOT NULL DEFAULT '',
  `updateDate` datetime NOT NULL DEFAULT '2024-01-01 00:00:00',
  `updateBy` varchar(50) NOT NULL DEFAULT '',
  PRIMARY KEY (`id`) USING BTREE
) ENGINE=InnoDB AUTO_INCREMENT=82 DEFAULT CHARSET=utf16 COLLATE=utf16_bin;

-- Dumping data for table open_akunting.account_balance: ~29 rows (approximately)
INSERT INTO `account_balance` (`id`, `year`, `month`, `accountId`, `outletId`, `beginBalance`, `debit`, `credit`, `endBalance`, `status`, `presence`, `inputDate`, `inputBy`, `updateDate`, `updateBy`) VALUES
	(53, 2024, 2, '1000', '1', 0, 1000000, 0, 1000000, '1', 1, '2024-02-18 18:37:47', '1a', '2024-02-18 18:37:47', '1a'),
	(54, 2024, 2, '2300', '1', 0, 0, 1000000, 1000000, '1', 1, '2024-02-18 18:37:47', '1a', '2024-02-18 18:37:47', '1a'),
	(55, 2024, 2, '1300', '1', 0, 400000, 0, 400000, '1', 1, '2024-02-18 18:41:13', '1a', '2024-02-18 18:41:13', '1a'),
	(56, 2024, 2, '2200', '1', 0, 0, 400000, 400000, '1', 1, '2024-02-18 18:41:13', '1a', '2024-02-18 18:41:13', '1a'),
	(57, 2024, 1, '1000', '1', 0, 2400, 4370, 6770, '1', 1, '2024-02-19 09:16:39', '1a', '2024-02-19 09:16:40', '1a'),
	(58, 2024, 1, '1200', '1', 0, 7500, 2000, 9500, '1', 1, '2024-02-19 09:16:39', '1a', '2024-02-19 09:16:39', '1a'),
	(59, 2024, 1, '1100', '1', 0, 1700, 700, 2400, '1', 1, '2024-02-19 09:16:39', '1a', '2024-02-19 09:16:39', '1a'),
	(60, 2024, 1, '2300', '1', 0, 2000, 2700, 4700, '1', 1, '2024-02-19 09:16:39', '1a', '2024-02-19 09:16:39', '1a'),
	(61, 2024, 1, '3200', '1', 0, 200, 0, 200, '1', 1, '2024-02-19 09:16:39', '1a', '2024-02-19 09:16:39', '1a'),
	(62, 2024, 1, '5000.5230', '1', 0, 80, 0, 80, '1', 1, '2024-02-19 09:16:39', '1a', '2024-02-19 09:16:39', '1a'),
	(63, 2024, 1, '1300', '1', 0, 600, 300, 900, '1', 1, '2024-02-19 09:16:39', '1a', '2024-02-19 09:16:39', '1a'),
	(64, 2024, 1, '1400', '1', 0, 2700, 0, 2700, '1', 1, '2024-02-19 09:16:39', '1a', '2024-02-19 09:16:39', '1a'),
	(65, 2024, 1, '2100', '1', 0, 800, 0, 800, '1', 1, '2024-02-19 09:16:39', '1a', '2024-02-19 09:16:39', '1a'),
	(66, 2024, 1, '5000.5220', '1', 0, 90, 0, 90, '1', 1, '2024-02-19 09:16:39', '1a', '2024-02-19 09:16:39', '1a'),
	(67, 2024, 1, '3300', '1', 0, 0, 1200, 1200, '1', 1, '2024-02-19 09:16:39', '1a', '2024-02-19 09:16:39', '1a'),
	(68, 2024, 1, '5000.5100', '1', 0, 0, 600, 600, '1', 1, '2024-02-19 09:16:39', '1a', '2024-02-19 09:16:39', '1a'),
	(69, 2024, 1, '3100', '1', 0, 1500, 0, 1500, '1', 1, '2024-02-19 09:16:39', '1a', '2024-02-19 09:16:39', '1a'),
	(70, 2024, 1, '1500', '1', 0, 0, 400, 400, '1', 1, '2024-02-19 09:16:39', '1a', '2024-02-19 09:16:39', '1a'),
	(71, 2024, 1, '2400', '1', 0, 400, 0, 400, '1', 1, '2024-02-19 09:16:39', '1a', '2024-02-19 09:16:39', '1a'),
	(72, 2024, 1, '2200', '1', 0, 0, 3000, 3000, '1', 1, '2024-02-19 09:16:39', '1a', '2024-02-19 09:16:39', '1a'),
	(73, 2024, 1, '3500', '1', 0, 700, 0, 700, '1', 1, '2024-02-19 09:16:40', '1a', '2024-02-19 09:16:40', '1a'),
	(74, 2024, 2, '6110.000.005', '1', 0, 1000000, 0, 1000000, '1', 1, '2024-02-20 10:58:08', '1a', '2024-02-20 10:58:08', '1a'),
	(75, 2024, 2, '1110.001.000', '1', 0, 6000000, 0, 6000000, '1', 1, '2024-02-20 10:58:08', '1a', '2024-02-23 19:21:18', '1a'),
	(76, 2024, 2, '1130.001.000', '1', 0, 6000000, 0, 6000000, '1', 1, '2024-02-20 11:03:11', '1a', '2024-02-22 18:15:29', '1a'),
	(77, 2024, 2, '1110.011.000', '1', 0, 0, 6000000, 6000000, '1', 1, '2024-02-20 11:03:11', '1a', '2024-02-23 19:21:18', '1a'),
	(78, 2024, 2, '6110.000.006', '1', 0, 5000000, 0, 5000000, '1', 1, '2024-02-20 11:27:19', '1a', '2024-02-20 11:27:19', '1a'),
	(79, 2024, 2, '1110.005.000', '1', 0, 0, 18200000, 18200000, '1', 1, '2024-02-20 11:27:19', '1a', '2024-02-20 11:34:59', '1a'),
	(80, 2024, 2, '4111.001.001', '1', 0, 6200000, 0, 6200000, '1', 1, '2024-02-20 11:30:05', '1a', '2024-02-20 11:31:27', '1a'),
	(81, 2024, 2, '5110.001', '1', 0, 7000000, 0, 7000000, '1', 1, '2024-02-20 11:34:59', '1a', '2024-02-20 11:34:59', '1a');

-- Dumping structure for table open_akunting.account_type
CREATE TABLE IF NOT EXISTS `account_type` (
  `id` varchar(10) NOT NULL DEFAULT '0',
  `name` varchar(250) NOT NULL DEFAULT '',
  `normalBalance` varchar(1) NOT NULL DEFAULT 'D',
  `position` varchar(5) NOT NULL DEFAULT '',
  `balanceSheet` int(1) NOT NULL DEFAULT 0,
  `profitAndLoss` int(1) NOT NULL DEFAULT 0,
  `status` varchar(2) NOT NULL DEFAULT '1',
  `presence` int(1) NOT NULL DEFAULT 1,
  `inputDate` datetime NOT NULL DEFAULT '2024-01-01 00:00:00',
  `inputBy` varchar(50) NOT NULL DEFAULT '',
  `updateDate` datetime NOT NULL DEFAULT '2024-01-01 00:00:00',
  `updateBy` varchar(50) NOT NULL DEFAULT '',
  PRIMARY KEY (`id`) USING BTREE
) ENGINE=InnoDB DEFAULT CHARSET=utf16 COLLATE=utf16_bin;

-- Dumping data for table open_akunting.account_type: ~6 rows (approximately)
INSERT INTO `account_type` (`id`, `name`, `normalBalance`, `position`, `balanceSheet`, `profitAndLoss`, `status`, `presence`, `inputDate`, `inputBy`, `updateDate`, `updateBy`) VALUES
	('10', 'ASSETS', 'D', 'BS', 1, 0, '1', 1, '2024-01-01 00:00:00', '', '2024-01-01 00:00:00', ''),
	('20', 'LEABILITIES & CAPITAL', 'D', 'BS', 1, 0, '1', 1, '2024-01-01 00:00:00', '', '2024-01-01 00:00:00', ''),
	('40', 'SALES', 'C', 'PL', 0, 1, '1', 1, '2024-01-01 00:00:00', '', '2024-01-01 00:00:00', ''),
	('50', 'COGS MOKKA COFFE BINTARO', 'D', 'PL', 0, 1, '1', 1, '2024-01-01 00:00:00', '', '2024-01-01 00:00:00', ''),
	('60', 'EXPENSE', 'C', 'PL', 0, 1, '1', 1, '2024-01-01 00:00:00', '', '2024-01-01 00:00:00', ''),
	('70', 'OTHER INCOME', 'C', 'PL', 0, 1, '1', 1, '2024-01-01 00:00:00', '', '2024-01-01 00:00:00', '');

-- Dumping structure for table open_akunting.auto_number
CREATE TABLE IF NOT EXISTS `auto_number` (
  `id` int(11) NOT NULL AUTO_INCREMENT,
  `name` varchar(50) CHARACTER SET utf8mb4 COLLATE utf8mb4_bin DEFAULT NULL,
  `prefix` varchar(50) CHARACTER SET utf8mb4 COLLATE utf8mb4_bin DEFAULT NULL,
  `digit` int(11) NOT NULL DEFAULT 6,
  `runningNumber` int(11) NOT NULL DEFAULT 0,
  `lastRecord` varchar(50) DEFAULT NULL,
  `updateDate` int(11) DEFAULT NULL,
  PRIMARY KEY (`id`) USING BTREE
) ENGINE=InnoDB AUTO_INCREMENT=309 DEFAULT CHARSET=utf8mb4 COLLATE=utf8mb4_general_ci;

-- Dumping data for table open_akunting.auto_number: ~4 rows (approximately)
INSERT INTO `auto_number` (`id`, `name`, `prefix`, `digit`, `runningNumber`, `lastRecord`, `updateDate`) VALUES
	(305, 'account', 'A', 6, 6, 'A000006', 2024),
	(306, 'journal', 'J', 6, 355, 'J000355', 1708625728),
	(307, 'template', 'T', 6, 16, 'T000016', 1708715841),
	(308, 'cash_bank', 'CB', 6, 43, 'CB000043', 1708716078);

-- Dumping structure for table open_akunting.branch
CREATE TABLE IF NOT EXISTS `branch` (
  `id` int(11) NOT NULL AUTO_INCREMENT,
  `name` varchar(250) NOT NULL DEFAULT '',
  `status` varchar(2) NOT NULL DEFAULT '1',
  `presence` int(1) NOT NULL DEFAULT 1,
  `inputDate` datetime NOT NULL DEFAULT '2024-01-01 00:00:00',
  `inputBy` varchar(50) NOT NULL DEFAULT '',
  `updateDate` datetime NOT NULL DEFAULT '2024-01-01 00:00:00',
  `updateBy` varchar(50) NOT NULL DEFAULT '',
  PRIMARY KEY (`id`) USING BTREE
) ENGINE=InnoDB AUTO_INCREMENT=5 DEFAULT CHARSET=utf16 COLLATE=utf16_bin;

-- Dumping data for table open_akunting.branch: ~4 rows (approximately)
INSERT INTO `branch` (`id`, `name`, `status`, `presence`, `inputDate`, `inputBy`, `updateDate`, `updateBy`) VALUES
	(1, 'Grand Indonesia', '1', 1, '2024-01-01 00:00:00', '', '2024-01-01 00:00:00', ''),
	(2, 'Kota Kasablangka', '1', 1, '2024-01-01 00:00:00', '', '2024-01-01 00:00:00', ''),
	(3, 'Taman Anggrek', '1', 1, '2024-01-01 00:00:00', '', '2024-01-01 00:00:00', ''),
	(4, 'Central Park', '1', 1, '2024-01-01 00:00:00', '', '2024-01-01 00:00:00', '');

-- Dumping structure for table open_akunting.cash_bank
CREATE TABLE IF NOT EXISTS `cash_bank` (
  `id` int(11) NOT NULL AUTO_INCREMENT,
  `journalId` varchar(50) NOT NULL DEFAULT '',
  `journalDate` date NOT NULL DEFAULT '2024-01-01',
  `outletId` varchar(250) NOT NULL DEFAULT '',
  `accountId` varchar(250) NOT NULL DEFAULT '',
  `description` varchar(250) NOT NULL DEFAULT '',
  `debit` double NOT NULL DEFAULT 0,
  `credit` double NOT NULL DEFAULT 0,
  `presence` int(1) NOT NULL DEFAULT 1,
  `inputDate` datetime NOT NULL DEFAULT '2024-01-01 00:00:00',
  `inputBy` varchar(50) NOT NULL DEFAULT '',
  `updateDate` datetime NOT NULL DEFAULT '2024-01-01 00:00:00',
  `updateBy` varchar(50) NOT NULL DEFAULT '',
  PRIMARY KEY (`id`) USING BTREE
) ENGINE=InnoDB AUTO_INCREMENT=260 DEFAULT CHARSET=utf16 COLLATE=utf16_bin;

-- Dumping data for table open_akunting.cash_bank: ~2 rows (approximately)
INSERT INTO `cash_bank` (`id`, `journalId`, `journalDate`, `outletId`, `accountId`, `description`, `debit`, `credit`, `presence`, `inputDate`, `inputBy`, `updateDate`, `updateBy`) VALUES
	(258, 'CB000043', '2024-02-24', '1', '1110.001.000', '', 6000000, 0, 1, '2024-02-23 19:21:18', '1a', '2024-02-23 19:21:18', '1a'),
	(259, 'CB000043', '2024-02-24', '1', '1110.011.000', '', 0, 6000000, 1, '2024-02-23 19:21:18', '1a', '2024-02-23 19:21:18', '1a');

-- Dumping structure for table open_akunting.cash_bank_header
CREATE TABLE IF NOT EXISTS `cash_bank_header` (
  `id` varchar(50) NOT NULL DEFAULT '',
  `note` varchar(250) NOT NULL DEFAULT '',
  `ref` varchar(50) NOT NULL DEFAULT '',
  `accountId` varchar(50) NOT NULL DEFAULT '',
  `journalDate` date NOT NULL DEFAULT '2024-01-01',
  `totalDebit` double NOT NULL DEFAULT 0,
  `totalCredit` double NOT NULL DEFAULT 0,
  `templateId` varchar(50) NOT NULL DEFAULT '',
  `presence` int(1) NOT NULL DEFAULT 1,
  `inputDate` datetime NOT NULL DEFAULT '2024-01-01 00:00:00',
  `inputBy` varchar(50) NOT NULL DEFAULT '',
  `updateDate` datetime NOT NULL DEFAULT '2024-01-01 00:00:00',
  `updateBy` varchar(50) NOT NULL DEFAULT '',
  PRIMARY KEY (`id`) USING BTREE
) ENGINE=InnoDB DEFAULT CHARSET=utf16 COLLATE=utf16_bin;

-- Dumping data for table open_akunting.cash_bank_header: ~0 rows (approximately)
INSERT INTO `cash_bank_header` (`id`, `note`, `ref`, `accountId`, `journalDate`, `totalDebit`, `totalCredit`, `templateId`, `presence`, `inputDate`, `inputBy`, `updateDate`, `updateBy`) VALUES
	('CB000043', '', '', '', '2024-02-24', 6000000, 6000000, 'T000016', 1, '2024-02-23 19:21:18', '1a', '2024-02-23 19:21:18', '1a');

-- Dumping structure for table open_akunting.global_parameter
CREATE TABLE IF NOT EXISTS `global_parameter` (
  `id` int(11) NOT NULL AUTO_INCREMENT,
  `name` varchar(250) NOT NULL DEFAULT '',
  `value` varchar(250) NOT NULL DEFAULT '',
  `description` text NOT NULL DEFAULT '',
  `updateDate` datetime NOT NULL DEFAULT '2024-01-01 00:00:00',
  `updateBy` varchar(50) NOT NULL DEFAULT '',
  `inputDate` datetime NOT NULL DEFAULT '2024-01-01 00:00:00',
  `inputBy` varchar(50) NOT NULL DEFAULT '',
  PRIMARY KEY (`id`)
) ENGINE=InnoDB AUTO_INCREMENT=3 DEFAULT CHARSET=utf16 COLLATE=utf16_bin;

-- Dumping data for table open_akunting.global_parameter: ~2 rows (approximately)
INSERT INTO `global_parameter` (`id`, `name`, `value`, `description`, `updateDate`, `updateBy`, `inputDate`, `inputBy`) VALUES
	(1, 'Company  Name', 'Company Name', '', '2024-02-08 10:45:51', '', '2024-01-01 00:00:00', ''),
	(2, 'Company Address', 'Company Address, 	Company Address', '', '2024-02-08 10:45:51', '', '2024-01-01 00:00:00', '');

-- Dumping structure for table open_akunting.journal
CREATE TABLE IF NOT EXISTS `journal` (
  `id` int(11) NOT NULL AUTO_INCREMENT,
  `journalId` varchar(50) NOT NULL DEFAULT '',
  `journalDate` date NOT NULL DEFAULT '2024-01-01',
  `outletId` varchar(250) NOT NULL DEFAULT '',
  `accountId` varchar(250) NOT NULL DEFAULT '',
  `description` varchar(250) NOT NULL DEFAULT '',
  `debit` double NOT NULL DEFAULT 0,
  `credit` double NOT NULL DEFAULT 0,
  `sorting` int(2) NOT NULL DEFAULT 1,
  `presence` int(1) NOT NULL DEFAULT 1,
  `inputDate` datetime NOT NULL DEFAULT '2024-01-01 00:00:00',
  `inputBy` varchar(50) NOT NULL DEFAULT '',
  `updateDate` datetime NOT NULL DEFAULT '2024-01-01 00:00:00',
  `updateBy` varchar(50) NOT NULL DEFAULT '',
  PRIMARY KEY (`id`) USING BTREE
) ENGINE=InnoDB AUTO_INCREMENT=502 DEFAULT CHARSET=utf16 COLLATE=utf16_bin;

-- Dumping data for table open_akunting.journal: ~34 rows (approximately)
INSERT INTO `journal` (`id`, `journalId`, `journalDate`, `outletId`, `accountId`, `description`, `debit`, `credit`, `sorting`, `presence`, `inputDate`, `inputBy`, `updateDate`, `updateBy`) VALUES
	(461, 'J000345', '2024-02-02', '1', '6110.000.005', '', 500000, 0, 1, 1, '2024-02-20 10:57:13', '1a', '2024-02-20 10:57:13', '1a'),
	(462, 'J000346', '2024-02-20', '1', '6110.000.005', '', 500000, 0, 1, 1, '2024-02-20 10:58:08', '1a', '2024-02-20 10:58:08', '1a'),
	(463, 'J000346', '2024-02-20', '1', '1110.001.000', '', 0, 500000, 1, 1, '2024-02-20 10:58:08', '1a', '2024-02-20 10:58:08', '1a'),
	(464, 'J000347', '2024-02-01', '1', '1130.001.000', '', 3000000, 0, 1, 1, '2024-02-20 11:03:11', '1a', '2024-02-26 06:32:36', '1a'),
	(465, 'J000347', '2024-02-01', '1', '1110.011.000', '', 0, 3000000, 2, 1, '2024-02-20 11:03:11', '1a', '2024-02-26 06:32:36', '1a'),
	(466, 'J000348', '2024-02-03', '1', '6110.000.006', '', 5000000, 0, 1, 1, '2024-02-20 11:27:19', '1a', '2024-02-23 18:51:35', '1a'),
	(467, 'J000348', '2024-02-03', '1', '1110.005.000', '', 0, 5000012, 1, 1, '2024-02-20 11:27:19', '1a', '2024-02-23 18:51:35', '1a'),
	(468, 'J000349', '2024-02-03', '1', '4111.001.001', '', 0, 4200000, 2, 1, '2024-02-20 11:30:05', '1a', '2024-02-23 18:52:00', '1a'),
	(469, 'J000349', '2024-02-03', '1', '1110.005.000', '', 4200000, 0, 1, 1, '2024-02-20 11:30:05', '1a', '2024-02-23 18:52:00', '1a'),
	(470, 'J000350', '2024-02-01', '1', '4111.001.001', '', 0, 300000, 3, 1, '2024-02-20 11:30:30', '1a', '2024-02-23 18:41:24', '1a'),
	(471, 'J000350', '2024-02-01', '1', '1110.005.000', '', 100000, 0, 2, 1, '2024-02-20 11:30:30', '1a', '2024-02-23 18:41:24', '1a'),
	(472, 'J000351', '2024-02-02', '1', '4111.001.001', '', 800000, 0, 1, 1, '2024-02-20 11:30:52', '1a', '2024-02-20 11:30:52', '1a'),
	(473, 'J000351', '2024-02-02', '1', '1110.005.000', '', 0, 800000, 1, 1, '2024-02-20 11:30:52', '1a', '2024-02-20 11:30:52', '1a'),
	(474, 'J000352', '2024-02-05', '1', '4111.001.001', '', 200000, 0, 1, 1, '2024-02-20 11:31:08', '1a', '2024-02-20 11:31:08', '1a'),
	(475, 'J000352', '2024-02-05', '1', '1110.005.000', '', 0, 200000, 1, 1, '2024-02-20 11:31:08', '1a', '2024-02-20 11:31:08', '1a'),
	(476, 'J000353', '2024-02-06', '1', '4111.001.001', '', 800000, 0, 1, 1, '2024-02-20 11:31:27', '1a', '2024-02-20 11:31:27', '1a'),
	(477, 'J000353', '2024-02-06', '1', '1110.005.000', '', 0, 800000, 1, 1, '2024-02-20 11:31:27', '1a', '2024-02-20 11:31:27', '1a'),
	(478, 'J000354', '2024-02-08', '1', '5110.001', 'Pejualan barang', 7000000, 0, 1, 1, '2024-02-20 11:34:59', '1a', '2024-02-20 11:34:59', '1a'),
	(479, 'J000354', '2024-02-08', '1', '1110.005.000', 'Pejualan barang', 0, 7000000, 1, 1, '2024-02-20 11:34:59', '1a', '2024-02-20 11:34:59', '1a'),
	(480, 'J000355', '2024-02-01', '1', '1130.001.000', '', 3000000, 0, 1, 1, '2024-02-22 18:15:28', '1a', '2024-02-22 18:15:28', '1a'),
	(481, 'J000355', '2024-02-01', '1', '1110.011.000', '', 0, 3000000, 1, 1, '2024-02-22 18:15:29', '1a', '2024-02-22 18:15:29', '1a'),
	(489, 'J000350', '2024-01-01', '1', '1120.091.001', '', 200000, 0, 1, 1, '2024-02-23 18:23:21', '1a', '2024-02-23 18:41:24', '1a'),
	(490, 'J000350', '2024-01-01', '', '', '', 0, 0, 1, 0, '2024-02-23 18:24:26', '1a', '2024-02-23 18:51:35', '1a'),
	(491, 'J000349', '2024-01-01', '', '', '', 0, 0, 1, 0, '2024-02-23 18:41:42', '1a', '2024-02-23 18:52:00', '1a'),
	(492, 'J000349', '2024-01-01', '', '', '', 0, 0, 1, 0, '2024-02-23 18:41:54', '1a', '2024-02-23 18:52:00', '1a'),
	(493, 'J000349', '2024-01-01', '', '', '', 0, 0, 1, 0, '2024-02-23 18:43:11', '1a', '2024-02-23 18:52:00', '1a'),
	(494, 'J000349', '2024-01-01', '', '', '', 0, 0, 1, 0, '2024-02-23 18:43:18', '1a', '2024-02-23 18:52:00', '1a'),
	(495, 'J000349', '2024-01-01', '', '', '', 0, 0, 1, 0, '2024-02-23 18:43:19', '1a', '2024-02-23 18:52:00', '1a'),
	(496, 'J000349', '2024-01-01', '', '', '', 0, 0, 1, 0, '2024-02-23 18:43:20', '1a', '2024-02-23 18:52:00', '1a'),
	(497, 'J000349', '2024-01-01', '1', '1120.091.003', '', 400, 0, 1, 0, '2024-02-23 18:43:30', '1a', '2024-02-23 18:52:00', '1a'),
	(498, 'J000349', '2024-01-01', '1', '1120.091.001', '', 0, 200, 1, 0, '2024-02-23 18:43:31', '1a', '2024-02-23 18:52:00', '1a'),
	(499, 'J000349', '2024-01-01', '1', '1110.001.000', '', 0, 200, 1, 0, '2024-02-23 18:43:32', '1a', '2024-02-23 18:52:00', '1a'),
	(500, 'J000348', '2024-01-01', '', '1120.091.003', '', 12, 0, 1, 1, '2024-02-23 18:51:25', '1a', '2024-02-23 18:51:35', '1a'),
	(501, 'J000349', '2024-01-01', '', '', '', 0, 0, 1, 0, '2024-02-23 18:51:49', '1a', '2024-02-23 18:52:00', '1a');

-- Dumping structure for table open_akunting.journal_header
CREATE TABLE IF NOT EXISTS `journal_header` (
  `id` varchar(50) NOT NULL DEFAULT '',
  `note` varchar(250) NOT NULL DEFAULT '',
  `ref` varchar(50) NOT NULL DEFAULT '',
  `accountId` varchar(50) NOT NULL DEFAULT '',
  `journalDate` date NOT NULL DEFAULT '2024-01-01',
  `totalDebit` double NOT NULL DEFAULT 0,
  `totalCredit` double NOT NULL DEFAULT 0,
  `templateId` varchar(50) NOT NULL DEFAULT '',
  `presence` int(1) NOT NULL DEFAULT 1,
  `inputDate` datetime NOT NULL DEFAULT '2024-01-01 00:00:00',
  `inputBy` varchar(50) NOT NULL DEFAULT '',
  `updateDate` datetime NOT NULL DEFAULT '2024-01-01 00:00:00',
  `updateBy` varchar(50) NOT NULL DEFAULT '',
  PRIMARY KEY (`id`) USING BTREE
) ENGINE=InnoDB DEFAULT CHARSET=utf16 COLLATE=utf16_bin;

-- Dumping data for table open_akunting.journal_header: ~8 rows (approximately)
INSERT INTO `journal_header` (`id`, `note`, `ref`, `accountId`, `journalDate`, `totalDebit`, `totalCredit`, `templateId`, `presence`, `inputDate`, `inputBy`, `updateDate`, `updateBy`) VALUES
	('J000346', '', '', '', '2024-02-20', 500000, 500000, 'T000013', 1, '2024-02-20 10:58:08', '1a', '2024-02-20 10:58:08', '1a'),
	('J000347', '', '', '', '2024-02-01', 3000000, 3000000, '', 1, '2024-02-20 11:03:11', '1a', '2024-02-20 11:03:11', '1a'),
	('J000348', '', '', '', '2024-02-03', 5000012, 5000012, '', 1, '2024-02-20 11:27:19', '1a', '2024-02-23 18:51:35', '1a'),
	('J000349', '', '', '', '2024-02-03', 4200000, 4200000, '', 1, '2024-02-20 11:30:05', '1a', '2024-02-23 18:52:00', '1a'),
	('J000350', '', '', '', '2024-02-01', 300000, 300000, 'T000015', 1, '2024-02-20 11:30:30', '1a', '2024-02-23 18:41:24', '1a'),
	('J000351', '', '', '', '2024-02-02', 800000, 800000, 'T000015', 1, '2024-02-20 11:30:52', '1a', '2024-02-20 11:30:52', '1a'),
	('J000352', '', '', '', '2024-02-05', 200000, 200000, 'T000015', 1, '2024-02-20 11:31:08', '1a', '2024-02-20 11:31:08', '1a'),
	('J000353', '', '', '', '2024-02-06', 800000, 800000, 'T000015', 1, '2024-02-20 11:31:27', '1a', '2024-02-20 11:31:27', '1a'),
	('J000354', '', '', '', '2024-02-08', 7000000, 7000000, 'T000011', 1, '2024-02-20 11:34:59', '1a', '2024-02-20 11:34:59', '1a');

-- Dumping structure for table open_akunting.journal_template
CREATE TABLE IF NOT EXISTS `journal_template` (
  `id` int(11) NOT NULL AUTO_INCREMENT,
  `templateId` varchar(50) NOT NULL DEFAULT '',
  `JournalDate` date NOT NULL DEFAULT '2024-01-01',
  `outletId` varchar(250) NOT NULL DEFAULT '',
  `accountId` varchar(250) NOT NULL DEFAULT '',
  `description` varchar(250) NOT NULL DEFAULT '',
  `debit` double NOT NULL DEFAULT 0,
  `credit` double NOT NULL DEFAULT 0,
  `presence` int(1) NOT NULL DEFAULT 1,
  `inputDate` datetime NOT NULL DEFAULT '2024-01-01 00:00:00',
  `inputBy` varchar(50) NOT NULL DEFAULT '',
  `updateDate` datetime NOT NULL DEFAULT '2024-01-01 00:00:00',
  `updateBy` varchar(50) NOT NULL DEFAULT '',
  PRIMARY KEY (`id`) USING BTREE
) ENGINE=InnoDB AUTO_INCREMENT=184 DEFAULT CHARSET=utf16 COLLATE=utf16_bin;

-- Dumping data for table open_akunting.journal_template: ~15 rows (approximately)
INSERT INTO `journal_template` (`id`, `templateId`, `JournalDate`, `outletId`, `accountId`, `description`, `debit`, `credit`, `presence`, `inputDate`, `inputBy`, `updateDate`, `updateBy`) VALUES
	(168, 'T000011', '2024-01-01', '1', '1000', 'Pejualan barang', 1000000, 0, 1, '2024-02-18 18:37:36', '1a', '2024-02-18 18:37:36', '1a'),
	(169, 'T000011', '2024-01-01', '1', '2300', 'Pejualan barang', 0, 1000000, 1, '2024-02-18 18:37:36', '1a', '2024-02-18 18:37:36', '1a'),
	(170, 'T000012', '2024-01-01', '1', '1300', '', 400000, 0, 0, '2024-02-18 18:40:33', '1a', '2024-02-18 18:45:56', '1a'),
	(171, 'T000012', '2024-01-01', '1', '2200', '', 0, 400000, 0, '2024-02-18 18:40:33', '1a', '2024-02-18 18:45:56', '1a'),
	(172, 'T000012', '2024-01-01', '1', '1300', '', 400000, 0, 1, '2024-02-18 18:45:56', '1a', '2024-02-18 18:45:56', '1a'),
	(173, 'T000012', '2024-01-01', '1', '2200', '', 0, 400000, 1, '2024-02-18 18:45:56', '1a', '2024-02-18 18:45:56', '1a'),
	(174, 'T000013', '2024-01-01', '1', '6110.000.005', '', 500000, 0, 1, '2024-02-20 10:57:05', '1a', '2024-02-20 10:57:05', '1a'),
	(175, 'T000013', '2024-01-01', '1', '1110.001.000', '', 0, 500000, 1, '2024-02-20 10:57:05', '1a', '2024-02-20 10:57:05', '1a'),
	(176, 'T000014', '2024-01-01', '1', '1130.001.000', '', 3000000, 0, 1, '2024-02-20 11:03:04', '1a', '2024-02-20 11:03:04', '1a'),
	(177, 'T000014', '2024-01-01', '1', '1110.011.000', '', 0, 3000000, 1, '2024-02-20 11:03:04', '1a', '2024-02-20 11:03:04', '1a'),
	(178, 'T000015', '2024-01-01', '1', '4111.001.001', '', 4200000, 0, 1, '2024-02-20 11:29:58', '1a', '2024-02-20 11:29:58', '1a'),
	(179, 'T000015', '2024-01-01', '1', '1110.005.000', '', 0, 4200000, 1, '2024-02-20 11:29:58', '1a', '2024-02-20 11:29:58', '1a'),
	(180, 'T000016', '2024-01-01', '1', '1110.001.000', '', 6000000, 0, 0, '2024-02-23 19:17:21', '1a', '2024-02-23 19:17:27', '1a'),
	(181, 'T000016', '2024-01-01', '1', '1110.011.000', '', 0, 6000000, 0, '2024-02-23 19:17:21', '1a', '2024-02-23 19:17:27', '1a'),
	(182, 'T000016', '2024-01-01', '1', '1110.001.000', '', 6000000, 0, 1, '2024-02-23 19:17:27', '1a', '2024-02-23 19:17:27', '1a'),
	(183, 'T000016', '2024-01-01', '1', '1110.011.000', '', 0, 6000000, 1, '2024-02-23 19:17:27', '1a', '2024-02-23 19:17:27', '1a');

-- Dumping structure for table open_akunting.language
CREATE TABLE IF NOT EXISTS `language` (
  `id` int(11) NOT NULL AUTO_INCREMENT,
  `code` varchar(50) NOT NULL DEFAULT '0',
  `lang1` text NOT NULL,
  `lang2` text NOT NULL,
  PRIMARY KEY (`id`)
) ENGINE=InnoDB AUTO_INCREMENT=5 DEFAULT CHARSET=utf16 COLLATE=utf16_bin;

-- Dumping data for table open_akunting.language: ~0 rows (approximately)

-- Dumping structure for table open_akunting.module
CREATE TABLE IF NOT EXISTS `module` (
  `id` int(11) NOT NULL AUTO_INCREMENT,
  `name` varchar(50) DEFAULT NULL,
  `description` varchar(250) DEFAULT NULL,
  PRIMARY KEY (`id`)
) ENGINE=InnoDB AUTO_INCREMENT=2003 DEFAULT CHARSET=utf16 COLLATE=utf16_bin;

-- Dumping data for table open_akunting.module: ~5 rows (approximately)
INSERT INTO `module` (`id`, `name`, `description`) VALUES
	(110, 'Global Parameter', NULL),
	(120, 'Master Number', NULL),
	(130, 'Language', NULL),
	(1000, 'User', NULL),
	(2000, 'Chart Of Account', NULL);

-- Dumping structure for table open_akunting.outlet
CREATE TABLE IF NOT EXISTS `outlet` (
  `id` int(11) NOT NULL AUTO_INCREMENT,
  `branchId` int(11) NOT NULL DEFAULT 0,
  `name` varchar(250) NOT NULL DEFAULT '',
  `status` varchar(2) NOT NULL DEFAULT '1',
  `presence` int(1) NOT NULL DEFAULT 1,
  `inputDate` datetime NOT NULL DEFAULT '2024-01-01 00:00:00',
  `inputBy` varchar(50) NOT NULL DEFAULT '',
  `updateDate` datetime NOT NULL DEFAULT '2024-01-01 00:00:00',
  `updateBy` varchar(50) NOT NULL DEFAULT '',
  PRIMARY KEY (`id`) USING BTREE
) ENGINE=InnoDB AUTO_INCREMENT=7 DEFAULT CHARSET=utf16 COLLATE=utf16_bin;

-- Dumping data for table open_akunting.outlet: ~6 rows (approximately)
INSERT INTO `outlet` (`id`, `branchId`, `name`, `status`, `presence`, `inputDate`, `inputBy`, `updateDate`, `updateBy`) VALUES
	(1, 1, 'Lt 1 F', '1', 1, '2024-01-01 00:00:00', '', '2024-01-01 00:00:00', ''),
	(2, 1, 'Lt 5 F', '1', 1, '2024-01-01 00:00:00', '', '2024-01-01 00:00:00', ''),
	(3, 2, 'Lt GF F', '1', 1, '2024-01-01 00:00:00', '', '2024-01-01 00:00:00', ''),
	(4, 2, 'Lt UF', '1', 1, '2024-01-01 00:00:00', '', '2024-01-01 00:00:00', ''),
	(5, 3, 'Ruko 1', '1', 1, '2024-01-01 00:00:00', '', '2024-01-01 00:00:00', ''),
	(6, 3, 'Ruko 2', '1', 1, '2024-01-01 00:00:00', '', '2024-01-01 00:00:00', '');

-- Dumping structure for table open_akunting.template
CREATE TABLE IF NOT EXISTS `template` (
  `id` varchar(50) NOT NULL DEFAULT '',
  `name` varchar(50) NOT NULL DEFAULT '',
  `tableName` varchar(250) NOT NULL DEFAULT '',
  `note` varchar(250) NOT NULL DEFAULT '',
  `ref` varchar(250) NOT NULL DEFAULT '',
  `presence` int(1) NOT NULL DEFAULT 1,
  `inputDate` datetime NOT NULL DEFAULT '2024-01-01 00:00:00',
  `inputBy` varchar(50) NOT NULL DEFAULT '',
  `updateDate` datetime NOT NULL DEFAULT '2024-01-01 00:00:00',
  `updateBy` varchar(50) NOT NULL DEFAULT '',
  PRIMARY KEY (`id`) USING BTREE
) ENGINE=InnoDB DEFAULT CHARSET=utf16 COLLATE=utf16_bin;

-- Dumping data for table open_akunting.template: ~4 rows (approximately)
INSERT INTO `template` (`id`, `name`, `tableName`, `note`, `ref`, `presence`, `inputDate`, `inputBy`, `updateDate`, `updateBy`) VALUES
	('T000011', 'Pendapan Usaha', 'Journal', '', '', 1, '2024-02-18 18:37:36', '1a', '2024-02-18 18:37:36', '1a'),
	('T000012', 'Modal Usaha 1', 'Journal', 'Persedian modal masak', '', 1, '2024-02-18 18:40:33', '1a', '2024-02-18 18:45:56', '1a'),
	('T000013', 'Biaya Transport 1', 'Journal', '', '', 1, '2024-02-20 10:57:05', '1a', '2024-02-20 10:57:05', '1a'),
	('T000014', 'Pembelian bahan makanan', 'Journal', '', '', 1, '2024-02-20 11:03:04', '1a', '2024-02-20 11:03:04', '1a'),
	('T000015', 'Pendapatan', 'Journal', '', '', 1, '2024-02-20 11:29:58', '1a', '2024-02-20 11:29:58', '1a'),
	('T000016', 'Cash bank 1', 'CashBank', '', '', 1, '2024-02-23 19:17:21', '1a', '2024-02-23 19:17:27', '1a');

-- Dumping structure for table open_akunting.tenant
CREATE TABLE IF NOT EXISTS `tenant` (
  `id` varchar(50) NOT NULL DEFAULT '',
  `email` varchar(50) NOT NULL DEFAULT '',
  `company` varchar(50) NOT NULL DEFAULT '',
  `name` varchar(50) NOT NULL DEFAULT '',
  `status` varchar(50) NOT NULL DEFAULT '',
  `presence` int(1) NOT NULL DEFAULT 1,
  `inputDate` datetime NOT NULL DEFAULT '2024-01-01 00:00:00',
  `updateDate` datetime NOT NULL DEFAULT '2024-01-01 00:00:00',
  PRIMARY KEY (`id`),
  UNIQUE KEY `email` (`email`)
) ENGINE=InnoDB DEFAULT CHARSET=utf16 COLLATE=utf16_bin;

-- Dumping data for table open_akunting.tenant: ~2 rows (approximately)
INSERT INTO `tenant` (`id`, `email`, `company`, `name`, `status`, `presence`, `inputDate`, `updateDate`) VALUES
	('t1', 'admin@localhost.com', 'Demo INC', 'demo 1', '1', 1, '2024-01-01 00:00:00', '2024-01-01 00:00:00'),
	('t2', 'admin@your_domain.com', 'your INC', 'demo 2', '1', 1, '2024-01-01 00:00:00', '2024-01-01 00:00:00');

-- Dumping structure for table open_akunting.user
CREATE TABLE IF NOT EXISTS `user` (
  `id` varchar(50) NOT NULL DEFAULT '',
  `userRuleId` int(1) NOT NULL DEFAULT 0,
  `email` varchar(50) NOT NULL DEFAULT '',
  `name` varchar(50) NOT NULL DEFAULT '',
  `password` varchar(50) NOT NULL DEFAULT '',
  `priority` int(1) NOT NULL DEFAULT 0,
  `sa` int(1) NOT NULL DEFAULT 0,
  `status` int(1) NOT NULL DEFAULT 1,
  `presence` int(2) NOT NULL DEFAULT 1,
  `inputBy` varchar(50) NOT NULL DEFAULT '',
  `inputDate` datetime NOT NULL DEFAULT '2024-01-01 00:00:00',
  `updateBy` varchar(50) NOT NULL DEFAULT '',
  `updateDate` datetime NOT NULL DEFAULT '2024-01-01 00:00:00',
  PRIMARY KEY (`id`),
  UNIQUE KEY `email` (`email`)
) ENGINE=InnoDB DEFAULT CHARSET=utf16 COLLATE=utf16_bin;

-- Dumping data for table open_akunting.user: ~2 rows (approximately)
INSERT INTO `user` (`id`, `userRuleId`, `email`, `name`, `password`, `priority`, `sa`, `status`, `presence`, `inputBy`, `inputDate`, `updateBy`, `updateDate`) VALUES
	('1a', 1, 'admin@localhost.com', 'Woo', '4297f44b13955235245b2497399d7a93', 1, 1, 1, 1, '', '2024-01-01 00:00:00', '1a', '2024-02-10 16:55:57'),
	('201', 1, 'user201@demo.com', 'Olive 123', '4297f44b13955235245b2497399d7a93', 0, 0, 1, 1, '', '2024-01-01 00:00:00', '1a', '2024-02-10 16:55:46');

-- Dumping structure for table open_akunting.user_jti
CREATE TABLE IF NOT EXISTS `user_jti` (
  `id` int(11) NOT NULL AUTO_INCREMENT,
  `userId` varchar(50) NOT NULL DEFAULT '',
  `jti` varchar(50) NOT NULL DEFAULT '',
  `inputDate` datetime NOT NULL DEFAULT '2024-01-01 00:00:00',
  PRIMARY KEY (`id`)
) ENGINE=InnoDB AUTO_INCREMENT=109 DEFAULT CHARSET=utf8 COLLATE=utf8_unicode_ci;

-- Dumping data for table open_akunting.user_jti: ~48 rows (approximately)
INSERT INTO `user_jti` (`id`, `userId`, `jti`, `inputDate`) VALUES
	(59, '1a', '86513847db05f636ce8ac3275b58108e', '2024-02-11 15:39:53'),
	(60, '1a', '00b1921921983eb5cb2b02e5589a438d', '2024-02-11 16:17:59'),
	(61, '1a', '4654aab75902efe26cd788ccca624ac1', '2024-02-11 16:20:11'),
	(62, '1a', '9d55f8fe0de35956aecf4a157e78e701', '2024-02-11 16:20:11'),
	(63, '1a', '8881377971af02598a2cdbdbaade054e', '2024-02-11 16:33:34'),
	(64, '1a', '9b5ca5368cc69495a563e3e2ffee21ff', '2024-02-11 16:33:34'),
	(65, '1a', '428e074690e16cc661bbe929979b1d9e', '2024-02-11 16:33:34'),
	(66, '1a', 'b701288b27ff3bbe2804befffd42304a', '2024-02-11 17:14:12'),
	(67, '1a', '0a15516982acff950197bf69f3d797a3', '2024-02-11 17:14:12'),
	(68, '1a', '71dbfa96f5c39bc5d6e6e1ab7192c917', '2024-02-11 17:14:12'),
	(69, '1a', 'b77fc40893b49d0972c54b71eaed6248', '2024-02-11 17:14:47'),
	(70, '1a', '4ef97facb227fbf97f709e728a9e7fc9', '2024-02-11 17:14:47'),
	(71, '1a', 'a8cd51cc045bc00882d3b666b7182bc4', '2024-02-11 17:14:47'),
	(72, '1a', 'b54a31c7f3b71c06e81cebf31b3aa935', '2024-02-11 17:15:06'),
	(73, '1a', 'e64a1c139649df5947011906373ba79b', '2024-02-11 17:15:06'),
	(74, '1a', '7d828a7186e007d60d6b30821aaade7c', '2024-02-11 17:15:06'),
	(75, '1a', 'ff2c9b571d9342c43ded4730b767dc7e', '2024-02-11 17:15:49'),
	(76, '1a', '45207a70cdc4b28dec2c64c9e4bdfd36', '2024-02-11 17:15:49'),
	(77, '1a', '21782e70d911ab19ee0f5c322854fa4b', '2024-02-11 17:15:49'),
	(78, '1a', 'e24ea995beb5f88c4854f60c2b19993a', '2024-02-11 17:16:23'),
	(79, '1a', '5910d20d79a9430da3776259c11c9f64', '2024-02-11 17:16:23'),
	(80, '1a', 'a2abb772ced62be137248abf09948bf1', '2024-02-11 17:16:42'),
	(81, '1a', 'a792f0977f6923b2701021c1bc43bc31', '2024-02-11 17:16:42'),
	(82, '1a', '4fe9fdb7a608e74913b727a76f973675', '2024-02-11 17:17:31'),
	(83, '1a', 'eee28f6ca8b0d029e4c268a21cbd242a', '2024-02-11 17:17:31'),
	(84, '1a', 'fb044841e8336e6dd68da85a111f7ffb', '2024-02-11 17:18:00'),
	(85, '1a', 'c29ee77604463b1a5a6311d6782f07af', '2024-02-11 17:18:00'),
	(86, '1a', 'd628b43aef342487f1d84970415f5475', '2024-02-11 17:18:00'),
	(87, '1a', '3c9ed06c3949e06b7c716adcf86c3697', '2024-02-11 17:18:40'),
	(88, '1a', 'f926657dd7c81eee8cf4f1b2293c29ed', '2024-02-11 17:18:40'),
	(89, '1a', '3362f0cf7a7bb7703b28574271602075', '2024-02-11 17:18:59'),
	(90, '1a', '5e91d313dbcd843e0ef0780401f87658', '2024-02-11 17:18:59'),
	(91, '1a', 'dc0c87d659fbe6b104c9b3ee33fa604c', '2024-02-11 17:19:32'),
	(92, '1a', 'e9c8876fb2d96523438ae5c334a54b8d', '2024-02-11 17:19:32'),
	(93, '1a', '866ddb784a0823f614df234a7f08170f', '2024-02-11 17:19:44'),
	(94, '1a', 'e2a8f17236d9e48d10f9d3103f840c50', '2024-02-11 17:19:44'),
	(95, '1a', 'e7b4b55ae6303972f023de51c3fb2938', '2024-02-11 17:19:44'),
	(96, '1a', '4e64b0f8fe4fde6f46c5b9a0544505ac', '2024-02-11 17:19:52'),
	(97, '1a', '50b31f460f0c19c59bdec008163d23a2', '2024-02-11 17:19:52'),
	(98, '1a', '7bc0639610879cffd2dad51cb8502a3b', '2024-02-11 17:19:57'),
	(99, '1a', '51ea952436c76a8f8c926c070395f93a', '2024-02-11 17:19:57'),
	(100, '1a', '1eecf32b9ed2fe76e0228c18ec3e57ac', '2024-02-11 17:19:57'),
	(101, '1a', 'edef65f231d370a0d1677f38070f0178', '2024-02-11 17:20:05'),
	(102, '1a', '859a0e219b64a71f8a8e6126db95e162', '2024-02-11 17:20:05'),
	(103, '1a', '027853100aeab0444af89fdcf157edba', '2024-02-11 17:20:05'),
	(104, '1a', '7b79e33f79c0dab87d1b70ea2a5ec821', '2024-02-11 17:23:34'),
	(105, '1a', '43543d38c2d082f6ea5db627839b763c', '2024-02-11 17:23:34'),
	(106, '1a', 'c8fbd2c5883aadf333265d79a81e7173', '2024-02-11 17:23:34'),
	(107, '1a', 'fbbcd9669dbf5717f2ea92fb8c5bb3cd', '2024-02-12 04:55:46'),
	(108, '1a', 'f560ea5bdf8079a62087c1c4ddb1b57e', '2024-02-12 04:55:46');

-- Dumping structure for table open_akunting.user_otp
CREATE TABLE IF NOT EXISTS `user_otp` (
  `id` int(11) NOT NULL AUTO_INCREMENT,
  `accountId` varchar(50) NOT NULL,
  `requestCode` varchar(50) NOT NULL,
  `presence` int(1) NOT NULL DEFAULT 1,
  `inputDate` datetime NOT NULL DEFAULT '2024-01-01 00:00:00',
  `updateDate` datetime NOT NULL DEFAULT '2024-01-01 00:00:00',
  PRIMARY KEY (`id`)
) ENGINE=InnoDB AUTO_INCREMENT=3 DEFAULT CHARSET=utf8 COLLATE=utf8_unicode_ci;

-- Dumping data for table open_akunting.user_otp: ~2 rows (approximately)
INSERT INTO `user_otp` (`id`, `accountId`, `requestCode`, `presence`, `inputDate`, `updateDate`) VALUES
	(1, '201', 'eyJ0eXAiOiJKV1QiLCJhbGciOiJIUzI1NiJ9', 0, '2024-01-01 00:00:00', '2024-01-19 19:14:42'),
	(2, 't', 'Singtel Innov8 2  5,000 ', 1, '2024-01-01 00:00:00', '2024-01-01 00:00:00');

-- Dumping structure for table open_akunting.user_role
CREATE TABLE IF NOT EXISTS `user_role` (
  `id` int(11) NOT NULL AUTO_INCREMENT,
  `name` varchar(50) NOT NULL,
  `isLock` int(1) NOT NULL DEFAULT 0,
  `presence` int(1) NOT NULL DEFAULT 1,
  `inputDate` datetime NOT NULL DEFAULT '2024-01-01 00:00:00',
  `inputBy` varchar(50) NOT NULL DEFAULT '',
  `updateDate` datetime NOT NULL DEFAULT '2024-01-01 00:00:00',
  `updateBy` varchar(50) NOT NULL DEFAULT '',
  PRIMARY KEY (`id`)
) ENGINE=InnoDB AUTO_INCREMENT=11 DEFAULT CHARSET=utf16 COLLATE=utf16_bin;

-- Dumping data for table open_akunting.user_role: ~2 rows (approximately)
INSERT INTO `user_role` (`id`, `name`, `isLock`, `presence`, `inputDate`, `inputBy`, `updateDate`, `updateBy`) VALUES
	(1, 'Admin', 1, 1, '2024-01-01 00:00:00', '', '2024-01-01 00:00:00', ''),
	(10, 'User', 1, 1, '2024-01-01 00:00:00', '', '2024-01-01 00:00:00', '');

-- Dumping structure for table open_akunting.user_role_access
CREATE TABLE IF NOT EXISTS `user_role_access` (
  `id` int(11) NOT NULL AUTO_INCREMENT,
  `userRulesId` int(11) NOT NULL DEFAULT 0,
  `moduleId` int(11) NOT NULL DEFAULT 0,
  `_create` varchar(1) NOT NULL DEFAULT '1',
  `_read` varchar(1) NOT NULL DEFAULT '1',
  `_update` varchar(1) NOT NULL DEFAULT '1',
  `_delete` varchar(1) NOT NULL DEFAULT '1',
  `presence` int(1) NOT NULL DEFAULT 1,
  `inputDate` datetime NOT NULL DEFAULT '2024-01-01 00:00:00',
  `inputBy` varchar(50) NOT NULL DEFAULT '',
  `updateDate` datetime NOT NULL DEFAULT '2024-01-01 00:00:00',
  `updateBy` varchar(50) NOT NULL DEFAULT '',
  PRIMARY KEY (`id`)
) ENGINE=InnoDB AUTO_INCREMENT=26 DEFAULT CHARSET=utf16 COLLATE=utf16_bin;

-- Dumping data for table open_akunting.user_role_access: ~10 rows (approximately)
INSERT INTO `user_role_access` (`id`, `userRulesId`, `moduleId`, `_create`, `_read`, `_update`, `_delete`, `presence`, `inputDate`, `inputBy`, `updateDate`, `updateBy`) VALUES
	(1, 1, 2000, '1', '1', '1', '1', 1, '2024-01-01 00:00:00', '', '2024-02-10 18:18:44', '1a'),
	(17, 1, 110, '1', '1', '1', '0', 1, '2024-02-10 18:22:45', '1a', '2024-02-10 18:22:45', '1a'),
	(18, 1, 120, '1', '1', '1', '0', 1, '2024-02-10 18:22:45', '1a', '2024-02-10 18:22:45', '1a'),
	(19, 1, 130, '1', '1', '1', '0', 1, '2024-02-10 18:22:45', '1a', '2024-02-10 18:22:45', '1a'),
	(20, 1, 1000, '1', '1', '1', '0', 1, '2024-02-10 18:22:45', '1a', '2024-02-10 18:22:45', '1a'),
	(21, 10, 110, '1', '1', '1', '0', 1, '2024-02-10 18:25:30', '1a', '2024-02-10 18:25:30', '1a'),
	(22, 10, 120, '1', '1', '1', '0', 1, '2024-02-10 18:25:30', '1a', '2024-02-10 18:25:30', '1a'),
	(23, 10, 130, '1', '1', '1', '0', 1, '2024-02-10 18:25:30', '1a', '2024-02-10 18:25:30', '1a'),
	(24, 10, 1000, '1', '1', '1', '0', 1, '2024-02-10 18:25:30', '1a', '2024-02-10 18:25:30', '1a'),
	(25, 10, 2000, '1', '1', '1', '0', 1, '2024-02-10 18:25:30', '1a', '2024-02-10 18:25:30', '1a');

/*!40103 SET TIME_ZONE=IFNULL(@OLD_TIME_ZONE, 'system') */;
/*!40101 SET SQL_MODE=IFNULL(@OLD_SQL_MODE, '') */;
/*!40014 SET FOREIGN_KEY_CHECKS=IFNULL(@OLD_FOREIGN_KEY_CHECKS, 1) */;
/*!40101 SET CHARACTER_SET_CLIENT=@OLD_CHARACTER_SET_CLIENT */;
/*!40111 SET SQL_NOTES=IFNULL(@OLD_SQL_NOTES, 1) */;
